Sequence,Interface,startXShift,negAngle,startCrossingAngle,startAxialRotation,startZShift,Filename,DesignDir
300,LLLAALLGFLWGLLTTLLILI,L--AA--GF-WG--TT--I-I,7.85868,true,39.7445,90.689,3.68886,LLLAALLGFLWGLLTTLLILI.pdb,design_678
301,LLLAFLLGILAGLLLTLLILI,L--AF--GI-AG--LT--I-I,7.85868,true,39.7445,90.689,3.68886,LLLAFLLGILAGLLLTLLILI.pdb,design_678
302,LLLAFLTFLLATLIALLLILI,L--AF-TF--AT-IA--LI--,8.63379,false,17.3071,36.0531,1.19146,LLLAFLTFLLATLIALLLILI.pdb,design_1135
303,LLLAILFGLLTGYLSTLLILI,L--AI-FGL-TGY-ST-----,7.23427,true,56.1803,97.2033,3.20524,LLLAILFGLLTGYLSTLLILI.pdb,design_1742
304,LLLAILLGFLWGLLTTLLILI,L--AI--GF-WG--TT--I-I,7.85868,true,39.7445,90.689,3.68886,LLLAILLGFLWGLLTTLLILI.pdb,design_678
305,LLLAILLGLLFGTLSTLLILI,L--AI-LGL-FGT-ST-----,7.23427,true,56.1803,97.2033,3.20524,LLLAILLGLLFGTLSTLLILI.pdb,design_1742
306,LLLALLALLLGTLLTILLILI,L-LA--AL--GT--TI--I-I,7.45773,true,41.2828,28.5615,3.50519,LLLALLALLLGTLLTILLILI.pdb,design_2865
307,LLLALLFALLGTLLSTLLILI,L-LA--FA--GT--ST--I-I,7.16296,true,35.213,31.8515,4.55847,LLLALLFALLGTLLSTLLILI.pdb,design_2358
308,LLLALLFGLLTTLLTVLLILI,L-LA--FG--TT--TV--I-I,7.83701,true,42.8397,43.0566,5.19159,LLLALLFGLLTTLLTVLLILI.pdb,design_2687
309,LLLALLGILWGFLITLLLILI,L-LA--GI-WGF-IT---I--,7.16763,true,48.7699,21.9866,3.53932,LLLALLGILWGFLITLLLILI.pdb,design_701
310,LLLALLGILYGFLITLLLILI,L-LA--GI-YGF-IT---I--,7.16763,true,48.7699,21.9866,3.53932,LLLALLGILYGFLITLLLILI.pdb,design_701
311,LLLALLGLLLGTLLTILLILI,L-LA--GL--GT--TI--I-I,7.45773,true,41.2828,28.5615,3.50519,LLLALLGLLLGTLLTILLILI.pdb,design_2865
312,LLLALLGLLSGFLVALLLILI,L-LA--GL-SGF-VA-----I,7.49379,true,49.0806,11.0577,4.49541,LLLALLGLLSGFLVALLLILI.pdb,design_1041
313,LLLALLGSLLGTLLTFLLILI,L-LA--GS--GT--TF--I-I,6.96723,true,44.0364,36.2106,3.06672,LLLALLGSLLGTLLTFLLILI.pdb,design_999
314,LLLALLGTLLGVLLWALLILI,L-LA--GT--GV--WA--I-I,6.96723,true,44.0364,36.2106,3.06672,LLLALLGTLLGVLLWALLILI.pdb,design_999
315,LLLALLGTLTFLLAVLTLILI,L--A--GT-TF--AV-TL--I,9.14452,false,25.1467,3.5923,4.96451,LLLALLGTLTFLLAVLTLILI.pdb,design_2939
316,LLLALLGTLTFLLSVLTLILI,L--A--GT-TF--SV-TL--I,9.14452,false,25.1467,3.5923,4.96451,LLLALLGTLTFLLSVLTLILI.pdb,design_2939
317,LLLALLIVLLITLLWLTLILI,L-LA--IV--IT--W-T-I-I,9.98088,true,38.8789,23.8238,4.07426,LLLALLIVLLITLLWLTLILI.pdb,design_2660
318,LLLALLLTLLTGLLTVLLILI,L--A--LTL-TG--TV--I-I,9.22483,true,35.0643,44.561,4.05857,LLLALLLTLLTGLLTVLLILI.pdb,design_1201
319,LLLALLLTLLTVLLIITLILI,L--A--LT--TV--IIT-I-I,9.9495,true,40.0978,55.0067,4.54605,LLLALLLTLLTVLLIITLILI.pdb,design_23
320,LLLALLTFLLAVLLGLLLILI,L-LA--TF--AV--G--LI-I,8.26847,true,26.8291,27.6001,4.20674,LLLALLTFLLAVLLGLLLILI.pdb,design_2248
321,LLLALLTTLLTFLLGLLLILI,L-LA--TT--TF--G--LI-I,9.31556,true,21.8397,29.931,3.10311,LLLALLTTLLTFLLGLLLILI.pdb,design_1901
322,LLLALLVALLLFLVSLLLILI,L--A--VA--LF-VS--LI-I,9.50081,false,16.4675,38.741,1.87578,LLLALLVALLLFLVSLLLILI.pdb,design_2371
323,LLLALLVGLLFALLTLLLILI,L-LA--VG--FA--TL--I-I,7.65691,true,43.6045,49.0525,2.19687,LLLALLVGLLFALLTLLLILI.pdb,design_2821
324,LLLALLYGLGTSLLILTLILI,L-LA--YG-GTS--I-T---I,7.81003,true,59.0695,34.7443,4.39837,LLLALLYGLGTSLLILTLILI.pdb,design_1073
325,LLLALTVLLLSGLLFLTLILI,L--A-TVL--SG--F-T-I-I,10.1143,true,23.3742,39.8072,3.92859,LLLALTVLLLSGLLFLTLILI.pdb,design_2326
326,LLLALVASLLVTLLTYLLILI,L--A-VAS--VT--TY--I-I,9.60748,true,42.7171,58.6655,2.41651,LLLALVASLLVTLLTYLLILI.pdb,design_1325
327,LLLALVTGLLASLLATLLILI,L--A-VTG--AS--AT--I-I,7.19316,true,48.0034,51.0685,1.70612,LLLALVTGLLASLLATLLILI.pdb,design_1946
328,LLLALYFTILGIGLLLLLILI,L--A-YFTI-GIG-L-----I,8.39294,true,62.6859,42.9257,4.49097,LLLALYFTILGIGLLLLLILI.pdb,design_2540
329,LLLASLLGFLVGLLTTLLILI,L--AS--GF-VG--TT--I-I,7.85868,true,39.7445,90.689,3.68886,LLLASLLGFLVGLLTTLLILI.pdb,design_678
330,LLLASLLGLLFFLTSLLLILI,L--AS--G--FF-TS--LI-I,8.52738,false,33.8773,67.9671,3.53362,LLLASLLGLLFFLTSLLLILI.pdb,design_2913
331,LLLAVLTGLLFILLSLLLILI,L--AV-TG--FI-LS--LI--,9.07395,false,20.5486,42.7979,2.73445,LLLAVLTGLLFILLSLLLILI.pdb,design_2655
332,LLLFLGVVLLTILLSLLLILI,L-LF-GVV--TI--S---I-I,9.15343,true,43.9109,25.1802,3.07703,LLLFLGVVLLTILLSLLLILI.pdb,design_953
333,LLLFLLAVLTGTLFTLLLILI,L-LF--AV-TGT-FT---I--,7.10357,true,48.4785,25.6271,2.98905,LLLFLLAVLTGTLFTLLLILI.pdb,design_389
334,LLLFLLLSLLGALLTVLLILI,L--F--LS--GA-LTV--I-I,7.34738,true,53.6122,43.2754,1.46415,LLLFLLLSLLGALLTVLLILI.pdb,design_2058
335,LLLFLLLVLLGALVSLLLILI,L--F--LV--GA-VSL--I-I,7.72097,true,49.7018,36.3528,0.824241,LLLFLLLVLLGALVSLLLILI.pdb,design_1454
336,LLLFLLYGLLTVLLSLLLILI,L-LF-LYG--TV--S---I-I,9.15343,true,43.9109,25.1802,3.07703,LLLFLLYGLLTVLLSLLLILI.pdb,design_953
337,LLLFLVGLLLAYLLSLTLILI,L--F-VGL--AY--S-T-I-I,9.0009,true,50.0008,25.5124,1.91484,LLLFLVGLLLAYLLSLTLILI.pdb,design_1591
338,LLLGFLLGTLLSLLITLLILI,L--GF--GT--S--IT--ILI,9.94946,true,24.4017,88.4066,3.72548,LLLGFLLGTLLSLLITLLILI.pdb,design_2801
339,LLLGILTGVLVSLLTLLLILI,L--GI-TGV-VS--TL--I--,8.28105,true,33.046,69.5321,4.14307,LLLGILTGVLVSLLTLLLILI.pdb,design_2999
340,LLLGLLATLLFVLLSLLLILI,L--G--AT--FV-LS--LI-I,9.72052,false,8.15567,34.3749,2.47555,LLLGLLATLLFVLLSLLLILI.pdb,design_158
341,LLLGLLFLLVGLLTALWLILI,L--G--FL-VG--TA-WL--I,8.14837,false,25.466,6.84147,3.38271,LLLGLLFLLVGLLTALWLILI.pdb,design_1233
342,LLLGLLFVLIALLASLTLILI,L--G--FV-IA--AS-TL--I,9.14452,false,25.1467,3.5923,4.96451,LLLGLLFVLIALLASLTLILI.pdb,design_2939
343,LLLGLLFYLIGLLAILTLILI,L--G--FY-IG--AI-TL--I,8.63609,false,23.9229,8.77486,3.85509,LLLGLLFYLIGLLAILTLILI.pdb,design_1152
344,LLLGLLLFLFGLLSILTLILI,L--G--LF-FG--SI-TL--I,8.51438,false,40.2677,10.9359,0.753299,LLLGLLLFLFGLLSILTLILI.pdb,design_1358
345,LLLGLLLFLLTVLIALLLILI,L--G--LF--TV-IA--LI-I,9.19237,true,11.9521,39.11,3.35306,LLLGLLLFLLTVLIALLLILI.pdb,design_1493
346,LLLGLLLGALTGLLWTLLILI,L--GL--GA-TG--WT--IL-,6.81485,true,25.2206,84.503,5.85675,LLLGLLLGALTGLLWTLLILI.pdb,design_1521
347,LLLGLLTALLAYLLSTLLILI,L-LG--TA--AY--ST--I-I,8.09497,true,43.2352,27.0225,3.16166,LLLGLLTALLAYLLSTLLILI.pdb,design_1764
348,LLLGLLTSLLGVLLYLLLILI,L-LG--TS--GV--YL--I-I,7.65177,true,44.7115,40.6718,3.37138,LLLGLLTSLLGVLLYLLLILI.pdb,design_1415
349,LLLGLLVGYLSGLLFTLLILI,L--GL-VGY-SG--FT--I--,7.58831,true,33.9766,86.8177,4.01938,LLLGLLVGYLSGLLFTLLILI.pdb,design_290
350,LLLGLVLGLLFTLLSALLILI,L--G-VLG--FT--SA--I-I,9.0785,true,30.568,65.9537,4.41785,LLLGLVLGLLFTLLSALLILI.pdb,design_160
351,LLLILLATLLTLALTLLLILI,L-LI--AT--TLA-T---I-I,9.4081,true,42.357,32.0606,3.34646,LLLILLATLLTLALTLLLILI.pdb,design_1694
352,LLLILLFGALTALLVFLLILI,L--I-LFGA-TA--VF----I,7.37634,true,58.3412,61.4567,2.50785,LLLILLFGALTALLVFLLILI.pdb,design_238
353,LLLILLTWILFLLLILTLILI,L-LI--TWI-FL--I-T---I,9.61382,true,62.0949,11.8126,5.91679,LLLILLTWILFLLLILTLILI.pdb,design_2675
354,LLLILLVILLTLGLTLTLILI,L-LI--VI--TLG-T-T---I,10.3711,true,41.891,26.1248,5.19074,LLLILLVILLTLGLTLTLILI.pdb,design_1215
355,LLLILLYATLFLTLTVLLILI,L--I--YAT-FLT-TV----I,8.09264,true,58.3347,46.5617,4.38657,LLLILLYATLFLTLTVLLILI.pdb,design_1051
356,LLLLAALLLLFILLVLTLILI,LL--AA-LL-FI--V-T---I,9.85482,false,42.5567,92.1668,4.54915,LLLLAALLLLFILLVLTLILI.pdb,design_1287
357,LLLLALLAILFTLLAVLLILI,LL--A--AI-FT--AV-LI--,8.69558,false,21.9417,89.4713,2.17149,LLLLALLAILFTLLAVLLILI.pdb,design_135
358,LLLLALLFILGTLLSVLLILI,LL--A--FI-GT--SV-LI--,9.3986,false,25.3669,96.5956,4.58441,LLLLALLFILGTLLSVLLILI.pdb,design_2718
359,LLLLALLYTLTWLLALLLILI,LL--A--YT-TW--AL-LI--,8.54654,false,26.9259,93.4555,2.21755,LLLLALLYTLTWLLALLLILI.pdb,design_1739
360,LLLLFLLVLLAFILTILLILI,L---F--VL-AFI-TI--I-I,10.1831,false,36.0899,93.0245,1.27672,LLLLFLLVLLAFILTILLILI.pdb,design_1738
361,LLLLLAGFLAGILVTLLLILI,L-L--AGF-AGI-VT-----I,7.48016,true,61.5348,17.8872,1.69228,LLLLLAGFLAGILVTLLLILI.pdb,design_3029
362,LLLLLAGFLIGVLVTLLLILI,L-L--AGF-IGV-VT-----I,7.48016,true,61.5348,17.8872,1.69228,LLLLLAGFLIGVLVTLLLILI.pdb,design_3029
363,LLLLLALGFLTTILVLLLILI,L----ALGF-TTI-VL----I,8.27726,true,65.972,60.3917,2.0806,LLLLLALGFLTTILVLLLILI.pdb,design_480
364,LLLLLFTILLGVLITVLLILI,L----FTI--GV-ITV--I-I,8.22435,true,56.8026,39.0434,0.722017,LLLLLFTILLGVLITVLLILI.pdb,design_1052
365,LLLLLIGVLFGILGTLLLILI,L-L--IGV-FGI-GT-----I,7.48016,true,61.5348,17.8872,1.69228,LLLLLIGVLFGILGTLLLILI.pdb,design_3029
366,LLLLLISALLGALLFFLLILI,L----ISA-LGA-LFF----I,6.77583,true,61.2743,36.1003,1.87454,LLLLLISALLGALLFFLLILI.pdb,design_2730
367,LLLLLITYLVGFWLSLLLILI,L----ITY-VGFWLS-----I,7.79028,true,65.5824,32.9738,2.55119,LLLLLITYLVGFWLSLLLILI.pdb,design_2068
368,LLLLLLASLLAFLLTTLLILI,L-LL--AS--AF--TT--I-I,8.65374,true,38.8615,31.0789,3.83116,LLLLLLASLLAFLLTTLLILI.pdb,design_1084
369,LLLLLLASLLGALLTVLLILI,L-LL--AS--GA--TV--I-I,6.96723,true,44.0364,36.2106,3.06672,LLLLLLASLLGALLTVLLILI.pdb,design_999
370,LLLLLLATLVGALVSLLLILI,L--L--AT-VGA-VSL--I--,6.50248,true,49.8824,40.854,0.779247,LLLLLLATLVGALVSLLLILI.pdb,design_1869
371,LLLLLLFALIGALVTLLLILI,L-----FA-IGA-VTL--I-I,7.05657,true,66.5299,32.5642,0.552904,LLLLLLFALIGALVTLLLILI.pdb,design_1027
372,LLLLLLGILAGFLLTLLLILI,L-LL--GI-AGF-LT-----I,6.80647,true,55.5288,21.5808,2.61442,LLLLLLGILAGFLLTLLLILI.pdb,design_1332
373,LLLLLLGTAIGVLVTLLLILI,L-L---GTAIGV-VT-----I,6.96621,true,60.5534,12.2576,2.69573,LLLLLLGTAIGVLVTLLLILI.pdb,design_640
374,LLLLLLGTLLFALLTTLLILI,L--L--GT-LFA--TT--I-I,9.13627,true,34.3188,39.5134,3.47774,LLLLLLGTLLFALLTTLLILI.pdb,design_696
375,LLLLLLGTVIGLLVTLLLILI,L-L---GTVIGL-VT-----I,6.96621,true,60.5534,12.2576,2.69573,LLLLLLGTVIGLLVTLLLILI.pdb,design_640
376,LLLLLLGTYIGVLVTLLLILI,L-L---GTYIGV-VT-----I,6.96621,true,60.5534,12.2576,2.69573,LLLLLLGTYIGVLVTLLLILI.pdb,design_640
377,LLLLLLGVLIGVLATLLLILI,L-LL--GV-IGV-AT-----I,6.9148,true,54.4022,23.5199,3.4243,LLLLLLGVLIGVLATLLLILI.pdb,design_535
378,LLLLLLIGLSTVLLFLLLILI,L----LIGLSTV-LF-----I,8.98932,true,62.0316,31.3929,2.24734,LLLLLLIGLSTVLLFLLLILI.pdb,design_1077
379,LLLLLLLGTLTGLLIFLLILI,L--L--LGT-TG--IF--I-I,7.25669,true,54.677,72.5654,0.972232,LLLLLLLGTLTGLLIFLLILI.pdb,design_3019
380,LLLLLLLSLLYFLLALLLILI,LL--L--SL-YF--A--LI-I,9.22038,false,33.5198,82.9831,1.48243,LLLLLLLSLLYFLLALLLILI.pdb,design_692
381,LLLLLLSVLLVFTLALLLILI,L-LL--SV--VFT-A---I-I,9.73639,true,27.5385,32.5324,2.76573,LLLLLLSVLLVFTLALLLILI.pdb,design_2258
382,LLLLLLTFLLGTLITVLLILI,L----LTF--GT-ITV--I-I,8.62734,true,59.0658,32.1583,0.966035,LLLLLLTFLLGTLITVLLILI.pdb,design_414
383,LLLLLLTGLLLSILTILLILI,L--L--TG--LSI-TI--I-I,9.73751,true,44.2772,49.3379,1.96336,LLLLLLTGLLLSILTILLILI.pdb,design_2126
384,LLLLLLTLLAGWLVTGLLILI,L-----TL-AGW-VTG--I-I,7.96173,true,56.3206,31.6135,2.01756,LLLLLLTLLAGWLVTGLLILI.pdb,design_1472
385,LLLLLLTTLLGLILYALLILI,L--L--TT--GLI-YA--I-I,9.73751,true,44.2772,49.3379,1.96336,LLLLLLTTLLGLILYALLILI.pdb,design_2126
386,LLLLLLVFALTVTLSLLLILI,L--L--VFA-TVT-S---I-I,10.1129,true,30.759,36.9208,0.971156,LLLLLLVFALTVTLSLLLILI.pdb,design_2662
387,LLLLLSTFLLGLLVGVLLILI,L----STF--GL-VGV--I-I,8.62734,true,59.0658,32.1583,0.966035,LLLLLSTFLLGLLVGVLLILI.pdb,design_414
388,LLLLLTFAGISLLLVLLLILI,L--L-TFAGISL--V-----I,9.57942,true,60.432,31.785,4.8371,LLLLLTFAGISLLLVLLLILI.pdb,design_801
389,LLLLLTLWLLSTLLSLLLILI,L----TLW-LST--SL--I-I,8.86174,true,56.0772,60.2229,0.279808,LLLLLTLWLLSTLLSLLLILI.pdb,design_1043
390,LLLLLTSTLWGFLLALLLILI,L-L--TST-WGF-LA-----I,7.6777,true,62.6401,4.74999,1.26457,LLLLLTSTLWGFLLALLLILI.pdb,design_2976
391,LLLLLTVVLTSFLLSALLILI,L--L-TVV-TSF--SA----I,9.62146,true,49.7681,32.9338,3.71165,LLLLLTVVLTSFLLSALLILI.pdb,design_2076
392,LLLLLTYTLLFLALLVLLILI,L----TYT--F-ALLV--I-I,10.4697,true,52.6307,9.93216,3.64831,LLLLLTYTLLFLALLVLLILI.pdb,design_2823
393,LLLLSLLAVLTGLLFLLLILI,LL--S--AV-TG--FL-LI--,8.54654,false,26.9259,93.4555,2.21755,LLLLSLLAVLTGLLFLLLILI.pdb,design_1739
394,LLLLSLLSTLTALLFLLLILI,LL--S--ST-TA--FL-LI--,9.15074,false,30.0892,94.5173,1.65942,LLLLSLLSTLTALLFLLLILI.pdb,design_1190
395,LLLLSLLSTLTALLFYLLILI,LL--S--ST-TA--FY-LI--,9.15074,false,30.0892,94.5173,1.65942,LLLLSLLSTLTALLFYLLILI.pdb,design_1190
396,LLLLSLLYTLAWLLGFLLILI,LL--S--YT-AW--GF-LI--,8.3447,false,28.1031,89.4531,1.07391,LLLLSLLYTLAWLLGFLLILI.pdb,design_1246
397,LLLLTLLAVLYALLGALLILI,LL--T--AV-YA--GA-LI--,8.53246,false,26.39,87.2735,1.37081,LLLLTLLAVLYALLGALLILI.pdb,design_1173
398,LLLLVLLLILTSTLYALLILI,L---V--LI-TST-YA--I-I,10.6449,false,29.9343,87.5686,1.53012,LLLLVLLLILTSTLYALLILI.pdb,design_834
399,LLLLWLLSLLYTLLALLLILI,LL--W--SL-YT--A--LI-I,9.22038,false,33.5198,82.9831,1.48243,LLLLWLLSLLYTLLALLLILI.pdb,design_692
400,LLLLYLLGTLSTLIALLLILI,L---Y--GT-ST-IA--LI-I,8.80692,false,39.5456,69.243,1.03206,LLLLYLLGTLSTLIALLLILI.pdb,design_2303
401,LLLSLLLILLTVGLFLTLILI,L-LS--LI--TVG-F-T---I,10.3711,true,41.891,26.1248,5.19074,LLLSLLLILLTVGLFLTLILI.pdb,design_1215
402,LLLTLLVGLLSVLLALLLILI,L-LT--VG--SV--A--LI-I,9.25335,true,26.5701,26.9695,4.16372,LLLTLLVGLLSVLLALLLILI.pdb,design_2605
403,LLLTLLYLLLTVLLALLLILI,L-LT--YL--TV--A--LI-I,9.588,true,23.9398,27.9816,4.13755,LLLTLLYLLLTVLLALLLILI.pdb,design_1588
404,LLLVLLAVLLTWLLSVLLILI,L-LV--AV--TW--SV--I-I,8.92968,true,33.438,23.7559,4.7138,LLLVLLAVLLTWLLSVLLILI.pdb,design_1000
405,LLLVLLTLLLGILTGLLLILI,L-LV--TL--GI-TG--LI--,8.53117,true,32.755,22.3265,1.61085,LLLVLLTLLLGILTGLLLILI.pdb,design_1943
406,LLLWLAGTLLFVLLTILLILI,L--W-AGT--FV--TI--I-I,8.9462,true,37.344,47.7769,2.03537,LLLWLAGTLLFVLLTILLILI.pdb,design_1323
407,LLLWLLAGLFTLLAVLLLILI,L-LW--AG-FTL-AV-----I,8.53994,true,51.7985,18.0259,3.90398,LLLWLLAGLFTLLAVLLLILI.pdb,design_1799
408,LLLWLLLGYLVGLLFTLLILI,L--W---GY-VG--FT--ILI,8.00673,true,38.6818,85.7519,1.52664,LLLWLLLGYLVGLLFTLLILI.pdb,design_951
409,LLLWLLVALGTILLATLLILI,L-LW--VA-GTI--AT----I,8.34754,true,56.075,19.7695,4.26847,LLLWLLVALGTILLATLLILI.pdb,design_2386
410,LLLWLVAGLLFTLLFLTLILI,L--W-VAGL-FT--F-T---I,7.38647,true,65.4641,47.1088,3.12359,LLLWLVAGLLFTLLFLTLILI.pdb,design_2023
411,LLLWVLYFLLSTLGLLLLILI,L--WV-YF--ST-GL--LI--,8.96848,false,24.6923,40.303,1.76579,LLLWVLYFLLSTLGLLLLILI.pdb,design_1451
412,LLLYLLAGTLTWLLFLLLILI,L--Y--AGT-TWL-F---I-I,8.15788,true,67.4547,37.2279,3.66556,LLLYLLAGTLTWLLFLLLILI.pdb,design_962
413,LLLYLLATLLGILVTVLLILI,L-LY--AT--GI-VTV----I,7.43856,true,54.3304,31.1171,3.10896,LLLYLLATLLGILVTVLLILI.pdb,design_720
414,LLLYLLFGLLAILLSVTLILI,L--Y-LFG--AI--SVT---I,8.66038,true,53.3436,35.0882,2.57686,LLLYLLFGLLAILLSVTLILI.pdb,design_1758
415,LLLYLLFTLLATLLFLLLILI,L-LY--FT--AT--FL--I-I,8.32889,true,50.4883,37.099,2.368,LLLYLLFTLLATLLFLLLILI.pdb,design_1164
416,LLLYLLGILYGFLVTLLLILI,L-LY--GI-YGF-VT---I--,7.16763,true,48.7699,21.9866,3.53932,LLLYLLGILYGFLVTLLLILI.pdb,design_701
417,LLLYLLGSVLFALLTLLLILI,L--Y--GSV-FA--TL--I-I,8.14436,true,44.4006,76.311,0.170515,LLLYLLGSVLFALLTLLLILI.pdb,design_1766
418,LLLYLLGTLLSLLLAVLLILI,L-LY--GT--SL--AV--I-I,8.14331,true,45.5473,28.7548,4.02918,LLLYLLGTLLSLLLAVLLILI.pdb,design_282
419,LLLYLLLALLFTTLVLTLILI,L--Y-LLA--FTT-V-T---I,10.056,true,55.7659,65.8794,2.65332,LLLYLLLALLFTTLVLTLILI.pdb,design_2667
420,LLLYLLLALLITTLVLTLILI,L--Y-LLA--ITT-V-T---I,10.056,true,55.7659,65.8794,2.65332,LLLYLLLALLITTLVLTLILI.pdb,design_2667
421,LLLYLLSTLLATLLAVLLILI,L-LY--ST--AT--AV--I-I,8.14331,true,45.5473,28.7548,4.02918,LLLYLLSTLLATLLAVLLILI.pdb,design_282
422,LLLYLLSTLLSTLLAVLLILI,L-LY--ST--ST--AV--I-I,8.14331,true,45.5473,28.7548,4.02918,LLLYLLSTLLSTLLAVLLILI.pdb,design_282
423,LLLYLLSVLLALLTILLLILI,L-LY--SV--A--TI--LI-I,10.3225,true,27.503,1.73223,2.64464,LLLYLLSVLLALLTILLLILI.pdb,design_789
424,LLLYLLTAILGTLLAVLLILI,L--Y--TAI-GT--AV--I-I,8.61824,true,42.8707,70.4802,1.99965,LLLYLLTAILGTLLAVLLILI.pdb,design_551
425,LLLYLLTAILGTLLGVLLILI,L--Y--TAI-GT--GV--I-I,8.61824,true,42.8707,70.4802,1.99965,LLLYLLTAILGTLLGVLLILI.pdb,design_551
426,LLLYLLVVLLTGVLTLLLILI,L-LY--VV--TGV-T---I-I,9.28659,true,48.9254,13.9626,5.41438,LLLYLLVVLLTGVLTLLLILI.pdb,design_707
427,LLLYLLYSATVFLLGILLILI,L--Y--YSATVF--GI----I,8.3873,true,53.8863,60.7265,3.24835,LLLYLLYSATVFLLGILLILI.pdb,design_1979
428,LLLYLTVSLLSALLILLLILI,L-LY-TVSL-SA--I-----I,8.60129,true,50.5222,22.668,5.76185,LLLYLTVSLLSALLILLLILI.pdb,design_472
429,LLLYVLVGVLLGLLATLLILI,L--YV-VGV-LG--AT--I--,7.23008,true,54.1923,78.4789,2.22832,LLLYVLVGVLLGLLATLLILI.pdb,design_120
