Sequence,Interface,startAxialRotation,startCrossingAngle,startXShift,startZShift,Filename
1,AAASYLLVLLLGFLLGTLAAA,000110011001100110000,true,52.72,true,38.8568,6.787,1.27923,6005_4.pdb
2,AAASYLLGVLLGLLLGTLAAA,000110011001100110000,true,82.2922,true,42.8625,6.6589,4.85247,6053_0.pdb
3,AAALYFLTSLLAILTSLLAAA,000011011001101100000,true,52.4885,false,23.7178,8.5,4.86883,6222_0.pdb
4,AAASYLLGVLLGLLLGTLAAA,000110011001100110000,true,83.081,true,42.847,7.4247,3.82147,6020_2.pdb
5,AAASYLLGVLLGLLLGTLAAA,000110011001100110000,true,78.2692,true,45.0,6.6738,3.87197,6018_0.pdb
6,AAASYLLGVLLGLLLGTLAAA,000110011001100110000,true,88.0037,true,38.8528,6.5,4.46088,6039_0.pdb
7,AAALYVLLWTLALLLSFLAAA,000011001101100110000,true,56.9781,false,18.0,9.2849,4.15956,6265_1.pdb
8,AAAYSLLLALLFVLLSTLAAA,000110011001100110000,true,54.3732,true,42.5222,8.0,4.91645,6416_2.pdb
9,AAAYLLLTTLLAALLSFLAAA,000110011001100110000,true,41.3114,true,42.5375,8.0892,1.82225,6478_2.pdb
10,AAAYSLLLALLFVLLSTLAAA,000110011001100110000,true,43.2411,true,37.067,8.3779,3.68675,6422_0.pdb
11,AAATALLALLLGVLLSFLAAA,000110011001100110000,true,73.0419,true,40.4249,7.1685,5.55387,6011_1.pdb
12,AAAYSLLLALLFVLLSTLAAA,000110011001100110000,true,44.4042,true,42.4385,8.6609,4.6725,6458_3.pdb
13,AAAYSLLLALLFVLLSTLAAA,000110011001100110000,true,48.8798,true,37.3232,8.4033,2.81328,6475_2.pdb
14,AAAWWLLGFLLGTLLGWLAAA,000110011001100110000,true,47.4451,true,39.9242,7.2222,1.72715,2001_3.pdb
15,AAAWWLLGFLLGTLLGWLAAA,000110011001100110000,true,56.4753,true,37.3284,7.1475,2.02937,2078_0.pdb
16,AAALYWLTSLLAYLTSLLAAA,000011011001101100000,true,65.2702,false,18.0,8.5093,1.47585,2262_0.pdb
17,AAALYWLTSLLAYLTSLLAAA,000011011001101100000,true,62.5444,false,18.7341,8.7761,2.72188,2231_1.pdb
18,LLLSYLLGILLGLLLGFLILI,000110011001100110000,true,82.2405,true,43.0414,7.0713,4.02991,5050_3.pdb
19,LLLLWTLLAVLYLLLSFLILI,000011001101100110000,true,52.1825,false,25.4733,9.3204,3.10537,5261_4.pdb
20,LLLYLLLATLLAFLLSFLILI,000110011001100110000,true,76.8676,true,41.5183,8.134,5.08979,5454_4.pdb
22,LLLLAWLLTILLFLLSVLILI,000011001101100110000,true,11.364,false,28.0,9.3241,0.65925,5218_3.pdb
23,LLLYLLLATLLAFLLSFLILI,000110011001100110000,true,74.991,true,45.0,8.1505,5.46889,5439_3.pdb
24,LLLGFLLGFLLGTLLGYLILI,000110011001100110000,true,73.8055,true,35.1152,6.5108,4.75136,1098_0.pdb
25,LLLYTLLTSLLFTLLTWLILI,000110011001100110000,true,43.4003,true,42.5323,8.0173,4.18684,1438_3.pdb
26,LLLLWVLTWLLTTLTSLLILI,000011011001101100000,true,52.4682,false,23.1348,9.0397,1.68936,1221_4.pdb
27,LLLTYLLTTLLAYLLSTLILI,000110011001100110000,true,61.4012,true,39.7077,8.8851,3.72758,1448_2.pdb
28,LLLLWVLTWLLTTLTSLLILI,000011011001101100000,true,55.264,false,24.6628,8.5982,2.8779,1256_3.pdb
29,LLLLWVLTWLLTTLTSLLILI,000011011001101100000,true,46.4127,false,19.2251,9.3187,5.29753,1259_2.pdb
30,LLLTYLLTTLLAYLLSTLILI,000110011001100110000,true,57.2497,true,38.6169,8.5642,3.48459,1465_2.pdb
31,LLLLWVLTWLLTTLTSLLILI,000011011001101100000,true,54.3535,false,27.8434,9.0098,1.60685,1288_4.pdb
32,LLLLTWLTALLFTLTSLLILI,000011011001101100000,true,52.4885,false,23.7178,8.5,4.86883,1222_2.pdb
33,LLLLWVLTWLLTTLTSLLILI,000011011001101100000,true,52.4885,false,23.7178,8.5,4.86883,1222_4.pdb
34,LLLLWVLTWLLTTLTSLLILI,000011011001101100000,true,44.4281,false,22.6747,9.2512,5.27037,1270_2.pdb
35,LLLLWVLTWLLTTLTSLLILI,000011011001101100000,true,57.567,false,20.1993,9.0952,2.12467,1266_2.pdb
36,LLLLWVLTWLLTTLTSLLILI,000011011001101100000,true,59.5624,false,23.7924,9.4709,4.99753,1215_3.pdb
37,LLLLWVLTWLLTTLTSLLILI,000011011001101100000,true,52.9352,false,22.1109,8.7521,5.18783,1238_1.pdb
38,LLLLWVLTWLLTTLTSLLILI,000011011001101100000,true,65.1922,false,22.649,8.9301,1.74153,1289_1.pdb
39,LLLLWVLTWLLTTLTSLLILI,000011011001101100000,true,57.8014,false,22.6532,9.268,2.87294,1224_0.pdb