1,LLLSYLLGILLGLLLGFLILI,000110011001100110000,82.2405,43.0414,true,7.0713,4.02991
2,LLLLWTLLAVLYLLLSFLILI,000011001101100110000,52.1825,25.4733,false,9.3204,3.10537
3,LLLYLLLATLLAFLLSFLILI,000110011001100110000,76.8676,41.5183,true,8.134,5.08979
4,LLLLAWLLTILLFLLSVLILI,000011001101100110000,11.364,28.0,false,9.3241,0.65925
5,LLLYLLLATLLAFLLSFLILI,000110011001100110000,74.991,45.0,true,8.1505,5.46889
6,LLLGFLLGFLLGTLLGYLILI,000110011001100110000,73.8055,35.1152,true,6.5108,4.75136
7,LLLYTLLTSLLFTLLTWLILI,000110011001100110000,43.4003,42.5323,true,8.0173,4.18684
8,LLLLWVLTWLLTTLTSLLILI,000011011001101100000,52.4682,23.1348,false,9.0397,1.68936
9,LLLTYLLTTLLAYLLSTLILI,000110011001100110000,61.4012,39.7077,true,8.8851,3.72758
10,LLLLWVLTWLLTTLTSLLILI,000011011001101100000,55.264,24.6628,false,8.5982,2.8779
11,LLLLWVLTWLLTTLTSLLILI,000011011001101100000,46.4127,19.2251,false,9.3187,5.29753
12,LLLTYLLTTLLAYLLSTLILI,000110011001100110000,57.2497,38.6169,true,8.5642,3.48459
13,LLLLWVLTWLLTTLTSLLILI,000011011001101100000,54.3535,27.8434,false,9.0098,1.60685
14,LLLLTWLTALLFTLTSLLILI,000011011001101100000,52.4885,23.7178,false,8.5,4.86883
15,LLLLWVLTWLLTTLTSLLILI,000011011001101100000,52.4885,23.7178,false,8.5,4.86883
16,LLLLWVLTWLLTTLTSLLILI,000011011001101100000,44.4281,22.6747,false,9.2512,5.27037
17,LLLLWVLTWLLTTLTSLLILI,000011011001101100000,57.567,20.1993,false,9.0952,2.12467
18,LLLLWVLTWLLTTLTSLLILI,000011011001101100000,59.5624,23.7924,false,9.4709,4.99753
19,LLLLWVLTWLLTTLTSLLILI,000011011001101100000,52.9352,22.1109,false,8.7521,5.18783
20,LLLLWVLTWLLTTLTSLLILI,000011011001101100000,65.1922,22.649,false,8.9301,1.74153
21,LLLLWVLTWLLTTLTSLLILI,000011011001101100000,57.8014,22.6532,false,9.268,2.87294