2jqu.pdb,2jqu
2lzq.pdb,2lzq
2m0w.pdb,2m0w
5m9y.pdb,5m9y
2da0.pdb,2da0
2lg4.pdb,2lg4
2f1t.pdb,2f1t
3jd8.pdb,3jd8
5tsa.pdb,5tsa
1dfw.pdb,1dfw
1pdc.pdb,1pdc
2i1f.pdb,2i1f
1lg7.pdb,1lg7
6bml.pdb,6bml
1tk2.pdb,1tk2
1nl1.pdb,1nl1
2rrs.pdb,2rrs
4wz7.pdb,4wz7
2n2c.pdb,2n2c
7fig.pdb,7fig
6kz8.pdb,6kz8
1v5a.pdb,1v5a
1ioj.pdb,1ioj
4q2e.pdb,4q2e
6hvk.pdb,6hvk
7sl9.pdb,7sl9
6bug.pdb,6bug
6mlu.pdb,6mlu
2rgh.pdb,2rgh
2xut.pdb,2xut
1w18.pdb,1w18
4mnd.pdb,4mnd
2a05.pdb,2a05
1om2.pdb,1om2
2gr7.pdb,2gr7
1dkc.pdb,1dkc
7sl8.pdb,7sl8
6val.pdb,6val
2m62.pdb,2m62
2zws.pdb,2zws
6mk8.pdb,6mk8
4gnk.pdb,4gnk
2mlj.pdb,2mlj
2z73.pdb,2z73
2kdr.pdb,2kdr
1b4v.pdb,1b4v
1zrv.pdb,1zrv
4on3.pdb,4on3
1eci.pdb,1eci
7d13.pdb,7d13
1dx7.pdb,1dx7
6ena.pdb,6ena
2mgy.pdb,2mgy
6rqs.pdb,6rqs
6q08.pdb,6q08
1ca1.pdb,1ca1
7k1m.pdb,7k1m
5sv0.pdb,5sv0
2ic8.pdb,2ic8
2ksk.pdb,2ksk
4akf.pdb,4akf
3fid.pdb,3fid
1vm3.pdb,1vm3
1faz.pdb,1faz
1izo.pdb,1izo
3ug9.pdb,3ug9
5w54.pdb,5w54
3qnq.pdb,3qnq
1wn8.pdb,1wn8
2dyb.pdb,2dyb
6wpb.pdb,6wpb
4b19.pdb,4b19
2n90.pdb,2n90
8ik3.pdb,8ik3
5lev.pdb,5lev
6tpk.pdb,6tpk
6hd8.pdb,6hd8
2rty.pdb,2rty
1n7u.pdb,1n7u
4ymk.pdb,4ymk
6grj.pdb,6grj
2mpn.pdb,2mpn
1ti5.pdb,1ti5
1lbj.pdb,1lbj
2iv4.pdb,2iv4
6cor.pdb,6cor
2b5b.pdb,2b5b
1qx9.pdb,1qx9
1avc.pdb,1avc
2kwz.pdb,2kwz
8ar2.pdb,8ar2
3bn8.pdb,3bn8
2fbu.pdb,2fbu
1es6.pdb,1es6
7kdq.pdb,7kdq
7e2g.pdb,7e2g
3t9n.pdb,3t9n
4r0c.pdb,4r0c
5a1s.pdb,5a1s
6k7g.pdb,6k7g
7fh1.pdb,7fh1
4zv5.pdb,4zv5
7vq2.pdb,7vq2
6ykm.pdb,6ykm
2mlu.pdb,2mlu
2mtm.pdb,2mtm
1sbu.pdb,1sbu
5xsy.pdb,5xsy
3rlb.pdb,3rlb
3vne.pdb,3vne
4kpp.pdb,4kpp
2dcx.pdb,2dcx
1h8p.pdb,1h8p
1x5v.pdb,1x5v
1u7n.pdb,1u7n
6ryq.pdb,6ryq
2lzp.pdb,2lzp
2ls2.pdb,2ls2
2mv6.pdb,2mv6
1bwx.pdb,1bwx
1dfn.pdb,1dfn
3mx7.pdb,3mx7
1etn.pdb,1etn
1hp3.pdb,1hp3
5u1l.pdb,5u1l
2ka1.pdb,2ka1
5mas.pdb,5mas
1lox.pdb,1lox
6b85.pdb,6b85
2g9p.pdb,2g9p
6evh.pdb,6evh
2k3m.pdb,2k3m
1pg1.pdb,1pg1
7nmn.pdb,7nmn
2efz.pdb,2efz
6gik.pdb,6gik
6lyg.pdb,6lyg
1q9j.pdb,1q9j
7bw1.pdb,7bw1
2n7i.pdb,2n7i
1rpb.pdb,1rpb
4y7j.pdb,4y7j
6v1x.pdb,6v1x
2pno.pdb,2pno
7wq3.pdb,7wq3
1kmr.pdb,1kmr
3d3l.pdb,3d3l
6sh3.pdb,6sh3
1zmm.pdb,1zmm
1b45.pdb,1b45
2mdf.pdb,2mdf
4b2z.pdb,4b2z
1d9l.pdb,1d9l
1rfh.pdb,1rfh
2kjf.pdb,2kjf
2rng.pdb,2rng
2nde.pdb,2nde
1ytr.pdb,1ytr
2deo.pdb,2deo
3apa.pdb,3apa
6pqo.pdb,6pqo
5oc9.pdb,5oc9
5z5q.pdb,5z5q
2md2.pdb,2md2
2b9k.pdb,2b9k
7npq.pdb,7npq
5ctg.pdb,5ctg
2ml7.pdb,2ml7
6u1s.pdb,6u1s
6vej.pdb,6vej
2w61.pdb,2w61
4xga.pdb,4xga
4zn2.pdb,4zn2
2e56.pdb,2e56
6m96.pdb,6m96
5ui6.pdb,5ui6
3nsj.pdb,3nsj
1ju8.pdb,1ju8
2mp8.pdb,2mp8
2j5d.pdb,2j5d
5ldt.pdb,5ldt
6k7x.pdb,6k7x
2mkb.pdb,2mkb
2bhv.pdb,2bhv
1y8f.pdb,1y8f
7rtm.pdb,7rtm
5tty.pdb,5tty
6pw4.pdb,6pw4
1aig.pdb,1aig
2ks1.pdb,2ks1
4rlc.pdb,4rlc
6ysn.pdb,6ysn
5vre.pdb,5vre
4oz7.pdb,4oz7
2x7r.pdb,2x7r
2mfr.pdb,2mfr
4oo9.pdb,4oo9
5o8o.pdb,5o8o
2ksg.pdb,2ksg
1ews.pdb,1ews
3g5u.pdb,3g5u
2ndm.pdb,2ndm
5t6q.pdb,5t6q
2lqa.pdb,2lqa
7pht.pdb,7pht
1qge.pdb,1qge
2qpt.pdb,2qpt
5u9q.pdb,5u9q
4xhr.pdb,4xhr
2k3c.pdb,2k3c
4mzz.pdb,4mzz
2jui.pdb,2jui
6f2d.pdb,6f2d
1tqn.pdb,1tqn
1ygm.pdb,1ygm
1cq0.pdb,1cq0
5k7l.pdb,5k7l
1d9m.pdb,1d9m
2mg0.pdb,2mg0
5vav.pdb,5vav
7qe5.pdb,7qe5
2bng.pdb,2bng
6is6.pdb,6is6
7ag5.pdb,7ag5
2jsh.pdb,2jsh
2dob.pdb,2dob
6uju.pdb,6uju
3emo.pdb,3emo
8ctj.pdb,8ctj
5jki.pdb,5jki
4fuv.pdb,4fuv
2mfj.pdb,2mfj
2hyd.pdb,2hyd
2ep6.pdb,2ep6
4gby.pdb,4gby
7ahc.pdb,7ahc
5v1e.pdb,5v1e
3kp9.pdb,3kp9
5l82.pdb,5l82
7n5d.pdb,7n5d
1xse.pdb,1xse
5a40.pdb,5a40
1vry.pdb,1vry
5v7p.pdb,5v7p
4y25.pdb,4y25
7ck6.pdb,7ck6
7saz.pdb,7saz
2d4q.pdb,2d4q
7ek1.pdb,7ek1
6x1k.pdb,6x1k
1hcd.pdb,1hcd
4ehw.pdb,4ehw
1ien.pdb,1ien
6gil.pdb,6gil
3ux4.pdb,3ux4
4o93.pdb,4o93
2e3m.pdb,2e3m
5da0.pdb,5da0
2mxq.pdb,2mxq
2rum.pdb,2rum
6kmy.pdb,6kmy
7s9y.pdb,7s9y
2lwv.pdb,2lwv
1kuw.pdb,1kuw
6yfy.pdb,6yfy
1gwy.pdb,1gwy
7zd5.pdb,7zd5
1plp.pdb,1plp
5lwc.pdb,5lwc
1lkf.pdb,1lkf
3h4w.pdb,3h4w
1pei.pdb,1pei
5ys3.pdb,5ys3
7yyi.pdb,7yyi
4wd7.pdb,4wd7
1vmo.pdb,1vmo
2k10.pdb,2k10
2xq2.pdb,2xq2
3ml3.pdb,3ml3
3cay.pdb,3cay
4o5p.pdb,4o5p
1of9.pdb,1of9
3mzs.pdb,3mzs
4iu8.pdb,4iu8
5ktf.pdb,5ktf
1ptq.pdb,1ptq
4jkv.pdb,4jkv
4c4v.pdb,4c4v
2wl8.pdb,2wl8
5jyn.pdb,5jyn
7bxu.pdb,7bxu
8ar0.pdb,8ar0
7tw3.pdb,7tw3
1ho2.pdb,1ho2
2rlj.pdb,2rlj
1df4.pdb,1df4
1svf.pdb,1svf
6h53.pdb,6h53
3pjz.pdb,3pjz
3e4w.pdb,3e4w
2lne.pdb,2lne
1cix.pdb,1cix
1kpk.pdb,1kpk
2la2.pdb,2la2
1t52.pdb,1t52
2nal.pdb,2nal
2mlo.pdb,2mlo
4aip.pdb,4aip
2nae.pdb,2nae
6mf8.pdb,6mf8
4v00.pdb,4v00
3tfm.pdb,3tfm
1bzg.pdb,1bzg
1edn.pdb,1edn
1vm5.pdb,1vm5
5vkv.pdb,5vkv
7jna.pdb,7jna
6b9w.pdb,6b9w
1u5d.pdb,1u5d
6vk9.pdb,6vk9
2m7i.pdb,2m7i
1wfk.pdb,1wfk
2keg.pdb,2keg
6w6m.pdb,6w6m
5nv9.pdb,5nv9
2d9v.pdb,2d9v
6t1z.pdb,6t1z
3kcu.pdb,3kcu
1v04.pdb,1v04
6psl.pdb,6psl
1bts.pdb,1bts
1lyp.pdb,1lyp
6n68.pdb,6n68
1a2a.pdb,1a2a
6ry9.pdb,6ry9
2g9l.pdb,2g9l
2lor.pdb,2lor
4k0e.pdb,4k0e
5tbq.pdb,5tbq
4qnn.pdb,4qnn
2r7e.pdb,2r7e
3cmh.pdb,3cmh
2kfe.pdb,2kfe
5ujr.pdb,5ujr
1afo.pdb,1afo
8g53.pdb,8g53
5l22.pdb,5l22
5o0z.pdb,5o0z
1h5o.pdb,1h5o
1pp5.pdb,1pp5
7b0k.pdb,7b0k
8exp.pdb,8exp
2vqg.pdb,2vqg
1hyk.pdb,1hyk
2mce.pdb,2mce
7wjm.pdb,7wjm
1orq.pdb,1orq
5mmk.pdb,5mmk
2lck.pdb,2lck
7m79.pdb,7m79
6ucj.pdb,6ucj
1b9u.pdb,1b9u
2n8o.pdb,2n8o
1oxw.pdb,1oxw
3wvf.pdb,3wvf
2le7.pdb,2le7
2or7.pdb,2or7
6duu.pdb,6duu
8f6t.pdb,8f6t
2m6a.pdb,2m6a
1bh4.pdb,1bh4
1c98.pdb,1c98
2na7.pdb,2na7
1v88.pdb,1v88
6ctg.pdb,6ctg
1ag7.pdb,1ag7
6m31.pdb,6m31
3unp.pdb,3unp
1w9n.pdb,1w9n
1bgk.pdb,1bgk
2ncu.pdb,2ncu
8eiz.pdb,8eiz
5h1q.pdb,5h1q
2l9x.pdb,2l9x
6ek7.pdb,6ek7
6lyp.pdb,6lyp
2lwt.pdb,2lwt
1hu5.pdb,1hu5
5l25.pdb,5l25
6tqe.pdb,6tqe
2bl7.pdb,2bl7
1u77.pdb,1u77
2k1a.pdb,2k1a
2lcy.pdb,2lcy
7p3p.pdb,7p3p
2wuz.pdb,2wuz
1dxz.pdb,1dxz
7tuk.pdb,7tuk
1ek9.pdb,1ek9
3zkt.pdb,3zkt
2nzz.pdb,2nzz
6ikn.pdb,6ikn
1by3.pdb,1by3
7ym0.pdb,7ym0
5doq.pdb,5doq
2jr3.pdb,2jr3
6w9y.pdb,6w9y
7ssv.pdb,7ssv
7k3g.pdb,7k3g
4rp8.pdb,4rp8
6cl3.pdb,6cl3
8exh.pdb,8exh
6hcy.pdb,6hcy
1okc.pdb,1okc
4z3n.pdb,4z3n
6g9x.pdb,6g9x
6ki1.pdb,6ki1
1ifm.pdb,1ifm
6sp2.pdb,6sp2
6q1x.pdb,6q1x
6vyh.pdb,6vyh
1tpz.pdb,1tpz
1wfm.pdb,1wfm
4oh3.pdb,4oh3
2odj.pdb,2odj
6ds5.pdb,6ds5
8gz3.pdb,8gz3
7ot9.pdb,7ot9
3l7i.pdb,3l7i
6t33.pdb,6t33
2lqy.pdb,2lqy
1q16.pdb,1q16
4uy3.pdb,4uy3
1lmr.pdb,1lmr
2jrd.pdb,2jrd
2i28.pdb,2i28
2pxx.pdb,2pxx
2fx5.pdb,2fx5
6giq.pdb,6giq
6f46.pdb,6f46
6b34.pdb,6b34
6eus.pdb,6eus
2kwt.pdb,2kwt
3k8g.pdb,3k8g
2l16.pdb,2l16
1rtt.pdb,1rtt
1vpu.pdb,1vpu
1m4e.pdb,1m4e
3ebw.pdb,3ebw
2ajw.pdb,2ajw
1a91.pdb,1a91
4ic4.pdb,4ic4
2loo.pdb,2loo
2veo.pdb,2veo
6i8x.pdb,6i8x
6wa0.pdb,6wa0
3duz.pdb,3duz
2mg2.pdb,2mg2
7ck5.pdb,7ck5
1ry3.pdb,1ry3
3vv9.pdb,3vv9
1ueo.pdb,1ueo
7tod.pdb,7tod
1neu.pdb,1neu
5z32.pdb,5z32
1d6x.pdb,1d6x
2obd.pdb,2obd
2k38.pdb,2k38
6g4i.pdb,6g4i
7jlo.pdb,7jlo
7s8l.pdb,7s8l
6mlt.pdb,6mlt
5dqq.pdb,5dqq
1kz5.pdb,1kz5
4r04.pdb,4r04
7zgx.pdb,7zgx
2na6.pdb,2na6
7oc9.pdb,7oc9
7vhp.pdb,7vhp
1mxq.pdb,1mxq
6gie.pdb,6gie
3vmq.pdb,3vmq
1omw.pdb,1omw
5hk1.pdb,5hk1
2k58.pdb,2k58
1xq8.pdb,1xq8
2v1s.pdb,2v1s
2k1i.pdb,2k1i
1jss.pdb,1jss
3bry.pdb,3bry
2ru2.pdb,2ru2
6gs5.pdb,6gs5
2pco.pdb,2pco
7lso.pdb,7lso
2jx4.pdb,2jx4
6amx.pdb,6amx
3zjz.pdb,3zjz
7btw.pdb,7btw
2lws.pdb,2lws
1jch.pdb,1jch
4yzf.pdb,4yzf
6rtc.pdb,6rtc
8if8.pdb,8if8
5tcx.pdb,5tcx
5k47.pdb,5k47
7mjs.pdb,7mjs
8eis.pdb,8eis
1aua.pdb,1aua
6wim.pdb,6wim
1bnx.pdb,1bnx
4u9l.pdb,4u9l
4wis.pdb,4wis
1jfr.pdb,1jfr
6g7o.pdb,6g7o
5nam.pdb,5nam
3x2r.pdb,3x2r
3d59.pdb,3d59
6iko.pdb,6iko
7bgl.pdb,7bgl
4tq3.pdb,4tq3
4huq.pdb,4huq
1dbh.pdb,1dbh
3f7f.pdb,3f7f
3qq2.pdb,3qq2
7nhr.pdb,7nhr
2nb7.pdb,2nb7
1ezf.pdb,1ezf
2db6.pdb,2db6
1emz.pdb,1emz
2oau.pdb,2oau
2por.pdb,2por
2maa.pdb,2maa
1hxi.pdb,1hxi
3fwl.pdb,3fwl
1a0s.pdb,1a0s
2vtf.pdb,2vtf
1ehk.pdb,1ehk
1e6c.pdb,1e6c
8d1i.pdb,8d1i
4pgr.pdb,4pgr
2k98.pdb,2k98
6mie.pdb,6mie
2xq3.pdb,2xq3
1bcc.pdb,1bcc
1f16.pdb,1f16
1lnq.pdb,1lnq
8c5j.pdb,8c5j
1y5c.pdb,1y5c
5t42.pdb,5t42
2ruo.pdb,2ruo
7l7a.pdb,7l7a
2k9y.pdb,2k9y
7f3t.pdb,7f3t
4fye.pdb,4fye
2lnl.pdb,2lnl
1pk8.pdb,1pk8
1xd4.pdb,1xd4
2kvx.pdb,2kvx
6gqf.pdb,6gqf
1as5.pdb,1as5
6wil.pdb,6wil
3o7p.pdb,3o7p
1imt.pdb,1imt
2wpd.pdb,2wpd
5ki0.pdb,5ki0
5kte.pdb,5kte
1al4.pdb,1al4
3dy5.pdb,3dy5
1gos.pdb,1gos
6rrl.pdb,6rrl
2czo.pdb,2czo
1l0q.pdb,1l0q
4n74.pdb,4n74
1w7b.pdb,1w7b
3jd6.pdb,3jd6
1u62.pdb,1u62
2kuy.pdb,2kuy
1xv3.pdb,1xv3
4a2n.pdb,4a2n
2n85.pdb,2n85
2xmq.pdb,2xmq
2kse.pdb,2kse
7ewl.pdb,7ewl
3fdw.pdb,3fdw
1waz.pdb,1waz
1swx.pdb,1swx
2iag.pdb,2iag
6rfm.pdb,6rfm
3blc.pdb,3blc
6s3k.pdb,6s3k
5nda.pdb,5nda
1mt5.pdb,1mt5
3s0x.pdb,3s0x
2ve3.pdb,2ve3
2hi7.pdb,2hi7
2ivd.pdb,2ivd
7d0i.pdb,7d0i
7m77.pdb,7m77
7nqk.pdb,7nqk
3qsz.pdb,3qsz
1xvw.pdb,1xvw
1p9f.pdb,1p9f
6ssr.pdb,6ssr
3kyq.pdb,3kyq
2llm.pdb,2llm
6z0g.pdb,6z0g
2m3n.pdb,2m3n
2lgn.pdb,2lgn
6qti.pdb,6qti
7any.pdb,7any
1gq0.pdb,1gq0
5ahv.pdb,5ahv
6v4a.pdb,6v4a
1bkd.pdb,1bkd
6ei6.pdb,6ei6
2k72.pdb,2k72
4f35.pdb,4f35
2ar5.pdb,2ar5
3rfi.pdb,3rfi
5l7d.pdb,5l7d
2gmh.pdb,2gmh
1ee7.pdb,1ee7
4d51.pdb,4d51
1jbl.pdb,1jbl
2rq2.pdb,2rq2
3zux.pdb,3zux
6dhv.pdb,6dhv
1poc.pdb,1poc
2jmy.pdb,2jmy
1sum.pdb,1sum
1sfc.pdb,1sfc
1a6s.pdb,1a6s
1qlo.pdb,1qlo
5n6h.pdb,5n6h
1k24.pdb,1k24
2m1p.pdb,2m1p
1tbn.pdb,1tbn
1ap9.pdb,1ap9
5khb.pdb,5khb
2lrd.pdb,2lrd
1v5p.pdb,1v5p
5fyo.pdb,5fyo
1etl.pdb,1etl
1tv0.pdb,1tv0
2lp1.pdb,2lp1
2mvh.pdb,2mvh
2mwr.pdb,2mwr
3aqp.pdb,3aqp
1b55.pdb,1b55
2oqo.pdb,2oqo
4mt4.pdb,4mt4
1bh0.pdb,1bh0
2mof.pdb,2mof
1a8a.pdb,1a8a
1vm4.pdb,1vm4
2m6b.pdb,2m6b
4zwj.pdb,4zwj
1m24.pdb,1m24
7ofm.pdb,7ofm
6qxb.pdb,6qxb
2nb2.pdb,2nb2
2l3h.pdb,2l3h
1wfa.pdb,1wfa
1ne5.pdb,1ne5
7a24.pdb,7a24
1bt9.pdb,1bt9
1zmp.pdb,1zmp
6eyu.pdb,6eyu
6mct.pdb,6mct
7pl9.pdb,7pl9
2mmm.pdb,2mmm
6jo0.pdb,6jo0
3ayf.pdb,3ayf
1ors.pdb,1ors
2dde.pdb,2dde
3gbs.pdb,3gbs
3zpm.pdb,3zpm
1kfp.pdb,1kfp
1xy1.pdb,1xy1
6os9.pdb,6os9
2dcv.pdb,2dcv
1hll.pdb,1hll
1btq.pdb,1btq
5z5x.pdb,5z5x
4gey.pdb,4gey
4hnd.pdb,4hnd
2f3a.pdb,2f3a
7dsv.pdb,7dsv
1lv4.pdb,1lv4
1sdd.pdb,1sdd
1c4e.pdb,1c4e
5ujq.pdb,5ujq
1dl0.pdb,1dl0
1a18.pdb,1a18
7jgx.pdb,7jgx
2xci.pdb,2xci
2xi1.pdb,2xi1
2iv5.pdb,2iv5
2ajj.pdb,2ajj
2md4.pdb,2md4
5u70.pdb,5u70
2gfp.pdb,2gfp
1lcy.pdb,1lcy
2kny.pdb,2kny
2hdf.pdb,2hdf
2mwl.pdb,2mwl
1q6x.pdb,1q6x
8a6m.pdb,8a6m
5oqt.pdb,5oqt
1akg.pdb,1akg
1pef.pdb,1pef
2erv.pdb,2erv
7cj3.pdb,7cj3
1ale.pdb,1ale
5jr0.pdb,5jr0
5iws.pdb,5iws
6wj5.pdb,6wj5
7cff.pdb,7cff
2ahy.pdb,2ahy
5ek8.pdb,5ek8
1s4x.pdb,1s4x
7t9q.pdb,7t9q
5edl.pdb,5edl
6wpo.pdb,6wpo
2n24.pdb,2n24
5gvo.pdb,5gvo
6y7f.pdb,6y7f
1dt6.pdb,1dt6
2mp9.pdb,2mp9
6c4x.pdb,6c4x
5zyx.pdb,5zyx
2lq2.pdb,2lq2
7t3n.pdb,7t3n
1r7c.pdb,1r7c
7rr9.pdb,7rr9
2a1c.pdb,2a1c
6kn2.pdb,6kn2
5b2g.pdb,5b2g
4fmm.pdb,4fmm
2m8f.pdb,2m8f
2qom.pdb,2qom
6rz1.pdb,6rz1
2llr.pdb,2llr
1iyc.pdb,1iyc
7al0.pdb,7al0
6ob6.pdb,6ob6
1hje.pdb,1hje
1aho.pdb,1aho
7eeb.pdb,7eeb
1m23.pdb,1m23
2kjn.pdb,2kjn
7k02.pdb,7k02
1fcq.pdb,1fcq
2khf.pdb,2khf
2mmj.pdb,2mmj
2l5r.pdb,2l5r
2mjt.pdb,2mjt
4y7i.pdb,4y7i
1g1p.pdb,1g1p
1jb0.pdb,1jb0
1w6j.pdb,1w6j
4zgv.pdb,4zgv
5v0y.pdb,5v0y
7cxr.pdb,7cxr
2cq7.pdb,2cq7
8h0g.pdb,8h0g
8gi1.pdb,8gi1
6jbj.pdb,6jbj
6l47.pdb,6l47
1w1d.pdb,1w1d
1zec.pdb,1zec
8ar3.pdb,8ar3
7jhf.pdb,7jhf
2lny.pdb,2lny
5tce.pdb,5tce
2m8v.pdb,2m8v
5kkm.pdb,5kkm
2m61.pdb,2m61
2l3i.pdb,2l3i
2d57.pdb,2d57
1yq3.pdb,1yq3
2a79.pdb,2a79
3nsu.pdb,3nsu
6xxd.pdb,6xxd
2mzk.pdb,2mzk
4hhr.pdb,4hhr
5o4u.pdb,5o4u
2yvx.pdb,2yvx
1ibn.pdb,1ibn
2mn6.pdb,2mn6
3g7n.pdb,3g7n
1i6w.pdb,1i6w
2l8s.pdb,2l8s
2myz.pdb,2myz
2md1.pdb,2md1
6bhp.pdb,6bhp
6m49.pdb,6m49
1fjk.pdb,1fjk
6pvr.pdb,6pvr
1puo.pdb,1puo
7a1r.pdb,7a1r
7e7z.pdb,7e7z
5mrw.pdb,5mrw
2k44.pdb,2k44
6nf4.pdb,6nf4
7qal.pdb,7qal
1ar1.pdb,1ar1
1cnl.pdb,1cnl
6nav.pdb,6nav
2kto.pdb,2kto
4q8d.pdb,4q8d
2jni.pdb,2jni
7mpa.pdb,7mpa
3v5s.pdb,3v5s
5nao.pdb,5nao
2wuj.pdb,2wuj
3tij.pdb,3tij
7qzw.pdb,7qzw
1ck7.pdb,1ck7
2ls4.pdb,2ls4
4k1c.pdb,4k1c
2jpk.pdb,2jpk
6dnf.pdb,6dnf
4m64.pdb,4m64
3ajm.pdb,3ajm
2jln.pdb,2jln
2ml9.pdb,2ml9
2ip6.pdb,2ip6
1mm4.pdb,1mm4
1jrj.pdb,1jrj
3fo5.pdb,3fo5
2ory.pdb,2ory
6m97.pdb,6m97
6rro.pdb,6rro
6wqr.pdb,6wqr
1dsr.pdb,1dsr
2qcu.pdb,2qcu
1ng8.pdb,1ng8
1t17.pdb,1t17
2mai.pdb,2mai
3s63.pdb,3s63
1ehs.pdb,1ehs
4us3.pdb,4us3
1ayj.pdb,1ayj
6yv7.pdb,6yv7
1rh5.pdb,1rh5
1mmc.pdb,1mmc
2m20.pdb,2m20
1jau.pdb,1jau
7lic.pdb,7lic
5xjk.pdb,5xjk
1efp.pdb,1efp
4h33.pdb,4h33
6ys8.pdb,6ys8
7btx.pdb,7btx
5kzo.pdb,5kzo
4zwn.pdb,4zwn
2n7o.pdb,2n7o
4mee.pdb,4mee
1b1v.pdb,1b1v
1nqe.pdb,1nqe
2m2q.pdb,2m2q
2ln8.pdb,2ln8
2igr.pdb,2igr
6se3.pdb,6se3
2mq2.pdb,2mq2
2o4v.pdb,2o4v
2m6x.pdb,2m6x
2na8.pdb,2na8
5ixc.pdb,5ixc
5x0m.pdb,5x0m
1kz0.pdb,1kz0
2ypt.pdb,2ypt
6i1r.pdb,6i1r
7ns1.pdb,7ns1
2jpy.pdb,2jpy
1ay2.pdb,1ay2
1bnb.pdb,1bnb
6ser.pdb,6ser
1rg3.pdb,1rg3
1x03.pdb,1x03
5v2s.pdb,5v2s
5egi.pdb,5egi
2q7m.pdb,2q7m
1ans.pdb,1ans
4f4l.pdb,4f4l
4b6d.pdb,4b6d
4aps.pdb,4aps
1nrj.pdb,1nrj
1fho.pdb,1fho
1gym.pdb,1gym
5fgn.pdb,5fgn
2rrh.pdb,2rrh
1bci.pdb,1bci
6ajf.pdb,6ajf
2oar.pdb,2oar
6ijz.pdb,6ijz
7xe4.pdb,7xe4
6b35.pdb,6b35
6wxr.pdb,6wxr
6tbu.pdb,6tbu
6u9v.pdb,6u9v
3l0m.pdb,3l0m
1lmm.pdb,1lmm
2mjq.pdb,2mjq
3rvy.pdb,3rvy
7b0o.pdb,7b0o
1r9v.pdb,1r9v
3jad.pdb,3jad
2m3i.pdb,2m3i
1u5u.pdb,1u5u
3j8h.pdb,3j8h
2n7q.pdb,2n7q
6j94.pdb,6j94
5dir.pdb,5dir
5y78.pdb,5y78
4he8.pdb,4he8
2jp3.pdb,2jp3
2gt1.pdb,2gt1
1a0m.pdb,1a0m
2lti.pdb,2lti
7ojf.pdb,7ojf
1udk.pdb,1udk
4l9m.pdb,4l9m
1dsk.pdb,1dsk
2lq0.pdb,2lq0
2k6o.pdb,2k6o
1fi0.pdb,1fi0
6h7f.pdb,6h7f
7asy.pdb,7asy
8gtn.pdb,8gtn
2mbd.pdb,2mbd
1u5e.pdb,1u5e
5kym.pdb,5kym
2hac.pdb,2hac
6mi9.pdb,6mi9
3b9w.pdb,3b9w
2ki9.pdb,2ki9
1k4r.pdb,1k4r
6jkz.pdb,6jkz
6iu3.pdb,6iu3
5oqk.pdb,5oqk
6fv6.pdb,6fv6
7cye.pdb,7cye
6ith.pdb,6ith
6iva.pdb,6iva
1ab1.pdb,1ab1
2lm8.pdb,2lm8
2m7g.pdb,2m7g
2gx1.pdb,2gx1
1k64.pdb,1k64
4lz6.pdb,4lz6
1i25.pdb,1i25
5yhl.pdb,5yhl
1z6v.pdb,1z6v
1n6t.pdb,1n6t
7uw5.pdb,7uw5
1lw3.pdb,1lw3
3swh.pdb,3swh
1f56.pdb,1f56
6whg.pdb,6whg
7ad3.pdb,7ad3
1hr1.pdb,1hr1
1dyt.pdb,1dyt
2fu2.pdb,2fu2
5x3l.pdb,5x3l
1r1f.pdb,1r1f
1pw4.pdb,1pw4
3j9p.pdb,3j9p
1mm0.pdb,1mm0
2pso.pdb,2pso
2cfu.pdb,2cfu
7p4x.pdb,7p4x
6fos.pdb,6fos
1e68.pdb,1e68
7wwb.pdb,7wwb
8fm9.pdb,8fm9
2h1i.pdb,2h1i
1ahl.pdb,1ahl
2nbc.pdb,2nbc
3hx3.pdb,3hx3
7ng8.pdb,7ng8
1alf.pdb,1alf
2hsj.pdb,2hsj
2m36.pdb,2m36
5h2s.pdb,5h2s
6a2j.pdb,6a2j
2ncs.pdb,2ncs
5h6b.pdb,5h6b
2ls1.pdb,2ls1
2mm4.pdb,2mm4
1eth.pdb,1eth
1g92.pdb,1g92
2xmx.pdb,2xmx
4jox.pdb,4jox
1xez.pdb,1xez
3wo6.pdb,3wo6
2mfv.pdb,2mfv
6i1x.pdb,6i1x
2wg7.pdb,2wg7
6i6b.pdb,6i6b
1f88.pdb,1f88
2lom.pdb,2lom
4hyc.pdb,4hyc
1uru.pdb,1uru
2fbs.pdb,2fbs
2n8d.pdb,2n8d
6l85.pdb,6l85
4qnc.pdb,4qnc
2imu.pdb,2imu
1ijd.pdb,1ijd
5bov.pdb,5bov
1fjn.pdb,1fjn
6mw6.pdb,6mw6
2b19.pdb,2b19
3mgl.pdb,3mgl
4a01.pdb,4a01
2ksf.pdb,2ksf
2n0o.pdb,2n0o
1spf.pdb,1spf
6gij.pdb,6gij
6sb1.pdb,6sb1
7lzh.pdb,7lzh
1af6.pdb,1af6
2n9a.pdb,2n9a
1d9j.pdb,1d9j
4qtn.pdb,4qtn
6qan.pdb,6qan
6eic.pdb,6eic
4o6m.pdb,4o6m
2olu.pdb,2olu
5jbl.pdb,5jbl
7sat.pdb,7sat
6vfe.pdb,6vfe
1wdz.pdb,1wdz
2k37.pdb,2k37
4cz8.pdb,4cz8
5nf8.pdb,5nf8
1o53.pdb,1o53
2ged.pdb,2ged
2l7b.pdb,2l7b
6vh8.pdb,6vh8
1j5b.pdb,1j5b
7m93.pdb,7m93
7nb6.pdb,7nb6
2bao.pdb,2bao
6d7w.pdb,6d7w
1auv.pdb,1auv
6ohm.pdb,6ohm
3ldc.pdb,3ldc
1epa.pdb,1epa
1bku.pdb,1bku
5lbj.pdb,5lbj
2l2r.pdb,2l2r
4zr0.pdb,4zr0
3rgo.pdb,3rgo
2lsw.pdb,2lsw
3njt.pdb,3njt
2mic.pdb,2mic
6kki.pdb,6kki
7ob2.pdb,7ob2
3j5p.pdb,3j5p
7f9k.pdb,7f9k
1dum.pdb,1dum
2hy7.pdb,2hy7
5irx.pdb,5irx
2m6j.pdb,2m6j
1n69.pdb,1n69
3llo.pdb,3llo
2hd0.pdb,2hd0
2n2f.pdb,2n2f
7ay8.pdb,7ay8
1eit.pdb,1eit
1fqy.pdb,1fqy
2k35.pdb,2k35
7dcv.pdb,7dcv
4dve.pdb,4dve
6mbm.pdb,6mbm
3ukm.pdb,3ukm
6rko.pdb,6rko
6om5.pdb,6om5
2l34.pdb,2l34
5w78.pdb,5w78
2vn8.pdb,2vn8
3caz.pdb,3caz
1iwg.pdb,1iwg
7m1t.pdb,7m1t
3vvn.pdb,3vvn
3k3f.pdb,3k3f
2kya.pdb,2kya
7o3j.pdb,7o3j
6hz2.pdb,6hz2
2kzq.pdb,2kzq
3wdo.pdb,3wdo
5xm4.pdb,5xm4
2l6w.pdb,2l6w
1o6u.pdb,1o6u
1b8w.pdb,1b8w
1qfa.pdb,1qfa
3hde.pdb,3hde
1i5j.pdb,1i5j
2n9z.pdb,2n9z
1hek.pdb,1hek
4jza.pdb,4jza
6c41.pdb,6c41
1jjz.pdb,1jjz
5xj5.pdb,5xj5
1h6h.pdb,1h6h
7w72.pdb,7w72
5zcn.pdb,5zcn
6lvf.pdb,6lvf
2myl.pdb,2myl
5mdo.pdb,5mdo
4hkr.pdb,4hkr
2i2h.pdb,2i2h
1t16.pdb,1t16
1ji3.pdb,1ji3
6c26.pdb,6c26
1not.pdb,1not
8g21.pdb,8g21
2vqp.pdb,2vqp
2kbv.pdb,2kbv
2lq1.pdb,2lq1
4nag.pdb,4nag
5kx2.pdb,5kx2
8b1x.pdb,8b1x
6iha.pdb,6iha
5va1.pdb,5va1
4pl0.pdb,4pl0
7clv.pdb,7clv
4rdr.pdb,4rdr
5ezm.pdb,5ezm
3vou.pdb,3vou
2lbz.pdb,2lbz
7qp9.pdb,7qp9
6fok.pdb,6fok
6irs.pdb,6irs
2jpj.pdb,2jpj
1chl.pdb,1chl
2m3e.pdb,2m3e
1em2.pdb,1em2
1aac.pdb,1aac
1m3i.pdb,1m3i
3rbh.pdb,3rbh
6leo.pdb,6leo
4o6y.pdb,4o6y
1dqv.pdb,1dqv
1cqe.pdb,1cqe
2v0o.pdb,2v0o
1qxq.pdb,1qxq
2mj2.pdb,2mj2
1zcd.pdb,1zcd
2mjr.pdb,2mjr
2vtv.pdb,2vtv
5tqq.pdb,5tqq
1t51.pdb,1t51
1q3m.pdb,1q3m
1f94.pdb,1f94
1dep.pdb,1dep
4c00.pdb,4c00
1peh.pdb,1peh
1aj1.pdb,1aj1
1bh3.pdb,1bh3
8cwm.pdb,8cwm
1orm.pdb,1orm
6k1h.pdb,6k1h
1e7u.pdb,1e7u
6rbg.pdb,6rbg
1a13.pdb,1a13
2hn8.pdb,2hn8
2a65.pdb,2a65
2e2f.pdb,2e2f
7wld.pdb,7wld
2nsq.pdb,2nsq
1uun.pdb,1uun
2mg1.pdb,2mg1
1dlz.pdb,1dlz
1d7n.pdb,1d7n
2ks9.pdb,2ks9
2ynk.pdb,2ynk
1n2y.pdb,1n2y
4ikb.pdb,4ikb
3sbn.pdb,3sbn
5z5w.pdb,5z5w
6twg.pdb,6twg
5fok.pdb,5fok
7ezh.pdb,7ezh
7l6k.pdb,7l6k
2m0h.pdb,2m0h
2czq.pdb,2czq
4rdq.pdb,4rdq
3o0r.pdb,3o0r
5oyk.pdb,5oyk
1fw2.pdb,1fw2
2dw3.pdb,2dw3
3w56.pdb,3w56
1ifp.pdb,1ifp
7w6x.pdb,7w6x
2biw.pdb,2biw
2ao7.pdb,2ao7
2m67.pdb,2m67
5i6c.pdb,5i6c
2n58.pdb,2n58
5jqf.pdb,5jqf
3fhh.pdb,3fhh
2mwt.pdb,2mwt
1hzn.pdb,1hzn
5t77.pdb,5t77
2ww9.pdb,2ww9
5onu.pdb,5onu
5jqm.pdb,5jqm
1fep.pdb,1fep
1d1h.pdb,1d1h
2nav.pdb,2nav
4ezc.pdb,4ezc
4epa.pdb,4epa
6tzk.pdb,6tzk
8gv8.pdb,8gv8
2jtw.pdb,2jtw
6sqg.pdb,6sqg
6xth.pdb,6xth
1z2t.pdb,1z2t
6iyu.pdb,6iyu
5y70.pdb,5y70
2fcg.pdb,2fcg
1cc0.pdb,1cc0
7bgh.pdb,7bgh
5d9e.pdb,5d9e
1p7b.pdb,1p7b
1y03.pdb,1y03
1f0k.pdb,1f0k
1bh1.pdb,1bh1
2n8h.pdb,2n8h
2n86.pdb,2n86
4nwz.pdb,4nwz
4rl8.pdb,4rl8
2n0i.pdb,2n0i
6w98.pdb,6w98
7rpm.pdb,7rpm
3h2g.pdb,3h2g
2ejx.pdb,2ejx
1d6b.pdb,1d6b
6gnz.pdb,6gnz
2l24.pdb,2l24
6ig2.pdb,6ig2
2m7j.pdb,2m7j
7mdc.pdb,7mdc
1dg2.pdb,1dg2
1xkh.pdb,1xkh
6zmq.pdb,6zmq
1r2m.pdb,1r2m
3tgh.pdb,3tgh
2lif.pdb,2lif
7ytj.pdb,7ytj
2mq5.pdb,2mq5
2nat.pdb,2nat
7sc0.pdb,7sc0
5t7q.pdb,5t7q
2m5i.pdb,2m5i
7pl4.pdb,7pl4
5cr8.pdb,5cr8
3l1l.pdb,3l1l
2jy0.pdb,2jy0
1a7z.pdb,1a7z
1fw5.pdb,1fw5
6wqz.pdb,6wqz
6xti.pdb,6xti
1yp8.pdb,1yp8
6b87.pdb,6b87
2lwl.pdb,2lwl
5ebb.pdb,5ebb
2y8p.pdb,2y8p
7w01.pdb,7w01
2m0q.pdb,2m0q
1p9g.pdb,1p9g
3k9v.pdb,3k9v
7m67.pdb,7m67
2k8j.pdb,2k8j
1mot.pdb,1mot
6wtw.pdb,6wtw
3l9b.pdb,3l9b
2lmf.pdb,2lmf
4l6r.pdb,4l6r
1czs.pdb,1czs
2b8i.pdb,2b8i
1b2v.pdb,1b2v
6kzo.pdb,6kzo
3m71.pdb,3m71
1fjr.pdb,1fjr
5id5.pdb,5id5
5wd6.pdb,5wd6
6he6.pdb,6he6
1c44.pdb,1c44
2bg9.pdb,2bg9
2pne.pdb,2pne
7loh.pdb,7loh
6dln.pdb,6dln
1z9h.pdb,1z9h
6klm.pdb,6klm
6m0y.pdb,6m0y
8dfu.pdb,8dfu
6oht.pdb,6oht
2ky5.pdb,2ky5
1dyn.pdb,1dyn
1uao.pdb,1uao
1a11.pdb,1a11
1aqb.pdb,1aqb
1lfc.pdb,1lfc
8ero.pdb,8ero
1pi7.pdb,1pi7
8b1l.pdb,8b1l
2lg5.pdb,2lg5
2run.pdb,2run
5yx9.pdb,5yx9
4hg6.pdb,4hg6
4npj.pdb,4npj
5gko.pdb,5gko
1s6w.pdb,1s6w
1xrd.pdb,1xrd
1auo.pdb,1auo
1cw5.pdb,1cw5
5f2t.pdb,5f2t
1eze.pdb,1eze
6mo6.pdb,6mo6
7wks.pdb,7wks
2lx6.pdb,2lx6
1i26.pdb,1i26
1i2u.pdb,1i2u
2lzl.pdb,2lzl
6v00.pdb,6v00
8ar1.pdb,8ar1
4k5y.pdb,4k5y
6r3q.pdb,6r3q
2iv7.pdb,2iv7
5fzv.pdb,5fzv
3bjr.pdb,3bjr
5tj6.pdb,5tj6
4quv.pdb,4quv
2gr8.pdb,2gr8
1qs3.pdb,1qs3
2pjv.pdb,2pjv
2jos.pdb,2jos
2n5w.pdb,2n5w
2wsi.pdb,2wsi
2gej.pdb,2gej
5w7d.pdb,5w7d
1nij.pdb,1nij
1j0t.pdb,1j0t
6idp.pdb,6idp
3c64.pdb,3c64
6qzh.pdb,6qzh
5wb1.pdb,5wb1
2ifo.pdb,2ifo
4p42.pdb,4p42
7sp5.pdb,7sp5
1sez.pdb,1sez
2kyt.pdb,2kyt
6cfb.pdb,6cfb
5xjy.pdb,5xjy
6w9z.pdb,6w9z
2mj1.pdb,2mj1
6c70.pdb,6c70
2yev.pdb,2yev
1szi.pdb,1szi
5tcq.pdb,5tcq
4m48.pdb,4m48
2gfr.pdb,2gfr
1y58.pdb,1y58
6o8j.pdb,6o8j
1pja.pdb,1pja
5azb.pdb,5azb
1kdl.pdb,1kdl
8g52.pdb,8g52
5zx5.pdb,5zx5
2j58.pdb,2j58
5u6o.pdb,5u6o
7txi.pdb,7txi
3pjv.pdb,3pjv
6l95.pdb,6l95
1bl8.pdb,1bl8
2kpe.pdb,2kpe
6w8n.pdb,6w8n
1e75.pdb,1e75
2lvg.pdb,2lvg
6j9p.pdb,6j9p
6dmb.pdb,6dmb
1b0o.pdb,1b0o
7xq8.pdb,7xq8
1txk.pdb,1txk
3fsn.pdb,3fsn
2l1q.pdb,2l1q
2mkv.pdb,2mkv
6go0.pdb,6go0
7sip.pdb,7sip
1mn8.pdb,1mn8
1e54.pdb,1e54
6nph.pdb,6nph
2mae.pdb,2mae
7p34.pdb,7p34
1lbs.pdb,1lbs
1ieo.pdb,1ieo
1wfr.pdb,1wfr
7rul.pdb,7rul
2fft.pdb,2fft
5a6e.pdb,5a6e
6x0o.pdb,6x0o
4zow.pdb,4zow
2ncx.pdb,2ncx
2qua.pdb,2qua
1ajw.pdb,1ajw
5zgb.pdb,5zgb
2lp7.pdb,2lp7
1h8m.pdb,1h8m
7sfj.pdb,7sfj
1y8m.pdb,1y8m
5z31.pdb,5z31
2x43.pdb,2x43
6hn9.pdb,6hn9
1gmi.pdb,1gmi
6v81.pdb,6v81
2l5b.pdb,2l5b
1djf.pdb,1djf
7oqz.pdb,7oqz
1y32.pdb,1y32
1nep.pdb,1nep
6cfa.pdb,6cfa
6caa.pdb,6caa
2wit.pdb,2wit
1hvz.pdb,1hvz
2luv.pdb,2luv
1rfx.pdb,1rfx
4wpe.pdb,4wpe
6f36.pdb,6f36
1erf.pdb,1erf
2eem.pdb,2eem
1al7.pdb,1al7
6v1q.pdb,6v1q
1ujl.pdb,1ujl
4k80.pdb,4k80
1kmo.pdb,1kmo
7k7a.pdb,7k7a
5sv9.pdb,5sv9
7pge.pdb,7pge
1tdp.pdb,1tdp
4j72.pdb,4j72
1kv4.pdb,1kv4
1uyn.pdb,1uyn
3j08.pdb,3j08
2bbj.pdb,2bbj
2nq3.pdb,2nq3
6e9n.pdb,6e9n
4x90.pdb,4x90
1c8z.pdb,1c8z
1dng.pdb,1dng
2mfs.pdb,2mfs
2bmb.pdb,2bmb
1lsh.pdb,1lsh
6wuh.pdb,6wuh
2nb8.pdb,2nb8
1a25.pdb,1a25
1yce.pdb,1yce
2mfa.pdb,2mfa
2nb5.pdb,2nb5
1etp.pdb,1etp
2lwu.pdb,2lwu
7js6.pdb,7js6
5wln.pdb,5wln
5iwk.pdb,5iwk
1kmd.pdb,1kmd
1q90.pdb,1q90
5ykk.pdb,5ykk
2l96.pdb,2l96
7dw9.pdb,7dw9
1vm2.pdb,1vm2
6m4n.pdb,6m4n
2l7c.pdb,2l7c
1rkl.pdb,1rkl
1yew.pdb,1yew
6ax2.pdb,6ax2
2o0s.pdb,2o0s
5jpl.pdb,5jpl
4ntj.pdb,4ntj
5w3s.pdb,5w3s
5kn7.pdb,5kn7
5oqz.pdb,5oqz
5h3o.pdb,5h3o
5tj1.pdb,5tj1
5x29.pdb,5x29
6vl2.pdb,6vl2
1amb.pdb,1amb
1xy4.pdb,1xy4
6fl9.pdb,6fl9
5oge.pdb,5oge
2vl0.pdb,2vl0
2k8o.pdb,2k8o
7en0.pdb,7en0
7dl9.pdb,7dl9
2mqu.pdb,2mqu
1k8v.pdb,1k8v
1eh5.pdb,1eh5
6tlb.pdb,6tlb
3gi8.pdb,3gi8
2f1c.pdb,2f1c
2x3v.pdb,2x3v
6bar.pdb,6bar
6lyy.pdb,6lyy
1ica.pdb,1ica
2rvd.pdb,2rvd
1kqe.pdb,1kqe
1oed.pdb,1oed
2lz3.pdb,2lz3
1f3k.pdb,1f3k
2lme.pdb,2lme
3h9v.pdb,3h9v
2l2t.pdb,2l2t
1myu.pdb,1myu
7fci.pdb,7fci
2jx6.pdb,2jx6
3flv.pdb,3flv
6aty.pdb,6aty
7l83.pdb,7l83
6s7v.pdb,6s7v
5x0s.pdb,5x0s
4g13.pdb,4g13
1psw.pdb,1psw
2rmy.pdb,2rmy
2efk.pdb,2efk
2mi1.pdb,2mi1
4rw0.pdb,4rw0
6s2d.pdb,6s2d
6z0f.pdb,6z0f
6btm.pdb,6btm
6idy.pdb,6idy
7zh0.pdb,7zh0
6uo8.pdb,6uo8
6qam.pdb,6qam
6yvr.pdb,6yvr
5aym.pdb,5aym
2m0s.pdb,2m0s
2lcn.pdb,2lcn
2koz.pdb,2koz
1zmq.pdb,1zmq
6kno.pdb,6kno
1fct.pdb,1fct
5wf9.pdb,5wf9
5guf.pdb,5guf
6c96.pdb,6c96
3k07.pdb,3k07
7qgv.pdb,7qgv
2n5c.pdb,2n5c
1hgv.pdb,1hgv
1zwx.pdb,1zwx
5z1f.pdb,5z1f
5i20.pdb,5i20
7oxp.pdb,7oxp
7fhk.pdb,7fhk
6jxr.pdb,6jxr
2mn5.pdb,2mn5
5y83.pdb,5y83
2mi2.pdb,2mi2
2zd9.pdb,2zd9
6ww2.pdb,6ww2
2jq3.pdb,2jq3
2rlw.pdb,2rlw
1ogs.pdb,1ogs
6bwd.pdb,6bwd
1pmy.pdb,1pmy
5yqi.pdb,5yqi
7xk3.pdb,7xk3
1brz.pdb,1brz
6cfw.pdb,6cfw
3zd0.pdb,3zd0
5oc0.pdb,5oc0
7tak.pdb,7tak
5b5r.pdb,5b5r
1iwo.pdb,1iwo
1cjy.pdb,1cjy
2qmq.pdb,2qmq
1btn.pdb,1btn
7fjm.pdb,7fjm
4k3b.pdb,4k3b
2n6u.pdb,2n6u
7p54.pdb,7p54
6ebu.pdb,6ebu
6hug.pdb,6hug
1bak.pdb,1bak
2h3s.pdb,2h3s
2mh5.pdb,2mh5
1amt.pdb,1amt
6cb8.pdb,6cb8
5oon.pdb,5oon
3wa5.pdb,3wa5
3mkt.pdb,3mkt
2dtc.pdb,2dtc
5uvg.pdb,5uvg
2d56.pdb,2d56
5j81.pdb,5j81
2q9f.pdb,2q9f
6csm.pdb,6csm
7aal.pdb,7aal
3hf0.pdb,3hf0
1aa7.pdb,1aa7
5a63.pdb,5a63
1e4s.pdb,1e4s
7b4l.pdb,7b4l
4ri2.pdb,4ri2
5hpp.pdb,5hpp
4fqe.pdb,4fqe
6gs9.pdb,6gs9
1rmk.pdb,1rmk
3tow.pdb,3tow
6w8u.pdb,6w8u
6peq.pdb,6peq
5v6p.pdb,5v6p
5mxl.pdb,5mxl
5mke.pdb,5mke
1g9p.pdb,1g9p
2naj.pdb,2naj
2n5q.pdb,2n5q
5vms.pdb,5vms
5vwl.pdb,5vwl
1s7p.pdb,1s7p
2lat.pdb,2lat
4o9r.pdb,4o9r
4pe5.pdb,4pe5
1hyi.pdb,1hyi
7lc8.pdb,7lc8
2le3.pdb,2le3
2li3.pdb,2li3
1z64.pdb,1z64
2kdc.pdb,2kdc
1vf6.pdb,1vf6
1ocs.pdb,1ocs
7a46.pdb,7a46
6lmv.pdb,6lmv
2mk9.pdb,2mk9
1xte.pdb,1xte
1vtp.pdb,1vtp
6qbj.pdb,6qbj
1ut3.pdb,1ut3
6cot.pdb,6cot
2jqb.pdb,2jqb
7qoa.pdb,7qoa
2ko2.pdb,2ko2
4bwz.pdb,4bwz
2m7x.pdb,2m7x
4nt1.pdb,4nt1
1id2.pdb,1id2
6vla.pdb,6vla
5mxs.pdb,5mxs
7p03.pdb,7p03
6a8y.pdb,6a8y
4od4.pdb,4od4
2qts.pdb,2qts
5hgz.pdb,5hgz
6vgt.pdb,6vgt
2lbg.pdb,2lbg
4g32.pdb,4g32
1bde.pdb,1bde
1g13.pdb,1g13
1gsz.pdb,1gsz
6ksw.pdb,6ksw
1myn.pdb,1myn
1kcm.pdb,1kcm
2n92.pdb,2n92
6d2h.pdb,6d2h
2zw3.pdb,2zw3
5lz1.pdb,5lz1
2e2s.pdb,2e2s
7k1q.pdb,7k1q
5h0q.pdb,5h0q
1dab.pdb,1dab
4b4a.pdb,4b4a
7stl.pdb,7stl
1omc.pdb,1omc
1mr0.pdb,1mr0
6rsm.pdb,6rsm
2k1k.pdb,2k1k
2n9r.pdb,2n9r
4n4r.pdb,4n4r
1qwd.pdb,1qwd
7b1k.pdb,7b1k
3org.pdb,3org
7bin.pdb,7bin
4c9g.pdb,4c9g
1t54.pdb,1t54
3j9t.pdb,3j9t
1kal.pdb,1kal
1a0r.pdb,1a0r
4m6e.pdb,4m6e
1agg.pdb,1agg
2k9p.pdb,2k9p
1y7j.pdb,1y7j
2h8a.pdb,2h8a
2ndc.pdb,2ndc
1bds.pdb,1bds
2m59.pdb,2m59
2k4f.pdb,2k4f
2ndn.pdb,2ndn
2rch.pdb,2rch
1qcm.pdb,1qcm
7lhv.pdb,7lhv
1yyb.pdb,1yyb
7ydq.pdb,7ydq
2lx0.pdb,2lx0
3wkv.pdb,3wkv
1t55.pdb,1t55
1bl1.pdb,1bl1
6ftk.pdb,6ftk
2jxf.pdb,2jxf
5ixh.pdb,5ixh
2klu.pdb,2klu
6nq0.pdb,6nq0
5ui7.pdb,5ui7
6gyn.pdb,6gyn
2jk4.pdb,2jk4
1pxq.pdb,1pxq
1qdp.pdb,1qdp
3p5n.pdb,3p5n
6vvc.pdb,6vvc
6wlb.pdb,6wlb
1wck.pdb,1wck
2dfk.pdb,2dfk
5ki9.pdb,5ki9
2m5z.pdb,2m5z
3eqm.pdb,3eqm
1i5p.pdb,1i5p
1skh.pdb,1skh
1yc9.pdb,1yc9
2htg.pdb,2htg
7e4g.pdb,7e4g
6nhw.pdb,6nhw
4pir.pdb,4pir
6p25.pdb,6p25
1dqy.pdb,1dqy
2byo.pdb,2byo
4u5b.pdb,4u5b
6bbj.pdb,6bbj
3b4r.pdb,3b4r
2vwa.pdb,2vwa
7vgr.pdb,7vgr
5t3r.pdb,5t3r
1xfh.pdb,1xfh
3tx3.pdb,3tx3
2lhf.pdb,2lhf
2l87.pdb,2l87
1p4t.pdb,1p4t
2gdl.pdb,2gdl
7drt.pdb,7drt
3hyv.pdb,3hyv
2nou.pdb,2nou
1eak.pdb,1eak
2rlg.pdb,2rlg
3kg2.pdb,3kg2
7cu6.pdb,7cu6
7vu5.pdb,7vu5
2v14.pdb,2v14
5v8k.pdb,5v8k
5y9i.pdb,5y9i
3hju.pdb,3hju
1xc0.pdb,1xc0
6o84.pdb,6o84
1jdm.pdb,1jdm
3njw.pdb,3njw
1lmi.pdb,1lmi
3p94.pdb,3p94
2ler.pdb,2ler
1hf8.pdb,1hf8
2mz0.pdb,2mz0
2amn.pdb,2amn
2ket.pdb,2ket
6xdc.pdb,6xdc
2kgn.pdb,2kgn
5h35.pdb,5h35
7bmh.pdb,7bmh
2xu0.pdb,2xu0
5o65.pdb,5o65
7p3m.pdb,7p3m
2la0.pdb,2la0
5v7v.pdb,5v7v
2y3u.pdb,2y3u
5un1.pdb,5un1
5c1f.pdb,5c1f
2xjh.pdb,2xjh
6m6z.pdb,6m6z
2bl2.pdb,2bl2
2vqi.pdb,2vqi
1col.pdb,1col
2d9w.pdb,2d9w
1dvp.pdb,1dvp
6lmt.pdb,6lmt
2mlp.pdb,2mlp
3fgr.pdb,3fgr
1ln1.pdb,1ln1
4px7.pdb,4px7
1mai.pdb,1mai
6cjq.pdb,6cjq
7ytw.pdb,7ytw
1tlw.pdb,1tlw
2l9g.pdb,2l9g
1ndb.pdb,1ndb
5y4o.pdb,5y4o
2n6m.pdb,2n6m
6yb1.pdb,6yb1
1tht.pdb,1tht
1emx.pdb,1emx
1faq.pdb,1faq
1z65.pdb,1z65
1pv6.pdb,1pv6
3kvn.pdb,3kvn
2ksd.pdb,2ksd
4z0w.pdb,4z0w
1ixt.pdb,1ixt
1z9i.pdb,1z9i
5vkq.pdb,5vkq
2msq.pdb,2msq
4bg2.pdb,4bg2
1e0q.pdb,1e0q
2mhw.pdb,2mhw
6ww7.pdb,6ww7
2onk.pdb,2onk
4htt.pdb,4htt
7okn.pdb,7okn
5v4s.pdb,5v4s
1bdk.pdb,1bdk
2mij.pdb,2mij
5xjj.pdb,5xjj
8hjc.pdb,8hjc
6fgm.pdb,6fgm
1wu0.pdb,1wu0
6bea.pdb,6bea
6gn5.pdb,6gn5
6s4m.pdb,6s4m
3hl4.pdb,3hl4
2vpw.pdb,2vpw
6wlv.pdb,6wlv
1xkm.pdb,1xkm
4qn9.pdb,4qn9
6xxe.pdb,6xxe
1bp1.pdb,1bp1
1m2c.pdb,1m2c
5mlz.pdb,5mlz
1kj6.pdb,1kj6
6bpz.pdb,6bpz
7lcw.pdb,7lcw
4m0m.pdb,4m0m
2qfi.pdb,2qfi
1bu8.pdb,1bu8
1akk.pdb,1akk
7tx6.pdb,7tx6
3rko.pdb,3rko
1g89.pdb,1g89
1etm.pdb,1etm
5xmz.pdb,5xmz
1ah7.pdb,1ah7
1xx1.pdb,1xx1
4mjt.pdb,4mjt
4dji.pdb,4dji
2mzl.pdb,2mzl
1zkr.pdb,1zkr
3mra.pdb,3mra
1wn4.pdb,1wn4
7abw.pdb,7abw
2khk.pdb,2khk
6kkr.pdb,6kkr
1joc.pdb,1joc
2mmu.pdb,2mmu
1b12.pdb,1b12
6nt5.pdb,6nt5
2ndj.pdb,2ndj
2k9j.pdb,2k9j
1a1p.pdb,1a1p
6bd4.pdb,6bd4
1b41.pdb,1b41
6ltn.pdb,6ltn
1wp1.pdb,1wp1
7xn9.pdb,7xn9
4fix.pdb,4fix
2zyh.pdb,2zyh
5w68.pdb,5w68
5iji.pdb,5iji
6mjv.pdb,6mjv
7osd.pdb,7osd
2mns.pdb,2mns
4xyw.pdb,4xyw
7osc.pdb,7osc
2l9u.pdb,2l9u
6to7.pdb,6to7
1f8n.pdb,1f8n
2mq4.pdb,2mq4
2na3.pdb,2na3
7p2p.pdb,7p2p
2nor.pdb,2nor
2wjq.pdb,2wjq
1ys5.pdb,1ys5
3um7.pdb,3um7
1av3.pdb,1av3
5cbf.pdb,5cbf
2wjd.pdb,2wjd
2ls3.pdb,2ls3
1dqc.pdb,1dqc
2kv5.pdb,2kv5
2lke.pdb,2lke
2n08.pdb,2n08
5lfi.pdb,5lfi
1ma2.pdb,1ma2
5uz7.pdb,5uz7
2w5q.pdb,2w5q
1fle.pdb,1fle
4qnd.pdb,4qnd
7voj.pdb,7voj
4tlv.pdb,4tlv
8bb6.pdb,8bb6
6xmp.pdb,6xmp
6qpp.pdb,6qpp
3hc7.pdb,3hc7
2l37.pdb,2l37
1d3g.pdb,1d3g
1gps.pdb,1gps
2l5m.pdb,2l5m
7czb.pdb,7czb
6pmp.pdb,6pmp
2nbm.pdb,2nbm
1ugl.pdb,1ugl
4ryi.pdb,4ryi
5o0t.pdb,5o0t
2fq5.pdb,2fq5
2jo1.pdb,2jo1
2n0n.pdb,2n0n
1zht.pdb,1zht
2ari.pdb,2ari
6vp0.pdb,6vp0
5do7.pdb,5do7
2n7n.pdb,2n7n
4j7c.pdb,4j7c
6td6.pdb,6td6
1aod.pdb,1aod
5nhq.pdb,5nhq
6gcj.pdb,6gcj
4iap.pdb,4iap
1sr4.pdb,1sr4
2maf.pdb,2maf
1kzs.pdb,1kzs
6bjf.pdb,6bjf
1r79.pdb,1r79
7vtz.pdb,7vtz
5j5k.pdb,5j5k
5khn.pdb,5khn
2m8r.pdb,2m8r
5zsu.pdb,5zsu
2nr1.pdb,2nr1
8dyn.pdb,8dyn
2lug.pdb,2lug
7ph8.pdb,7ph8
1pwa.pdb,1pwa
1zrx.pdb,1zrx
1gm2.pdb,1gm2
2n0v.pdb,2n0v
2fly.pdb,2fly
7sun.pdb,7sun
1smz.pdb,1smz
6nyf.pdb,6nyf
2lcm.pdb,2lcm
1odp.pdb,1odp
7c76.pdb,7c76
3jqo.pdb,3jqo
2mc7.pdb,2mc7
5b49.pdb,5b49
6h3i.pdb,6h3i
6npl.pdb,6npl
4g6g.pdb,4g6g
6e8j.pdb,6e8j
1dt3.pdb,1dt3
3pmq.pdb,3pmq
5twv.pdb,5twv
1rwt.pdb,1rwt
1t5m.pdb,1t5m
7ewt.pdb,7ewt
7t7w.pdb,7t7w
3doh.pdb,3doh
1qqe.pdb,1qqe
7fdv.pdb,7fdv
1qg9.pdb,1qg9
1bxw.pdb,1bxw
1rp4.pdb,1rp4
1hlg.pdb,1hlg
1p1p.pdb,1p1p
2l58.pdb,2l58
6z3y.pdb,6z3y
5oek.pdb,5oek
1zza.pdb,1zza
2n2a.pdb,2n2a
5fqu.pdb,5fqu
2d4r.pdb,2d4r
2ap7.pdb,2ap7
1m02.pdb,1m02
1dtc.pdb,1dtc
1w3m.pdb,1w3m
1xa6.pdb,1xa6
1cz6.pdb,1cz6
1fdm.pdb,1fdm
1c89.pdb,1c89
5wrx.pdb,5wrx
7ji3.pdb,7ji3
1avv.pdb,1avv
1aun.pdb,1aun
1a56.pdb,1a56
6sb3.pdb,6sb3
2jwa.pdb,2jwa
5z10.pdb,5z10
5zaz.pdb,5zaz
1ksg.pdb,1ksg
2jqz.pdb,2jqz
3a2s.pdb,3a2s
3mk7.pdb,3mk7
3rce.pdb,3rce
5lcs.pdb,5lcs
4b4p.pdb,4b4p
5ylw.pdb,5ylw
3aja.pdb,3aja
1w1n.pdb,1w1n
1pg6.pdb,1pg6
6xiw.pdb,6xiw
1fry.pdb,1fry
2ndl.pdb,2ndl
1cvl.pdb,1cvl
1mqx.pdb,1mqx
2l73.pdb,2l73
2knu.pdb,2knu
6eji.pdb,6eji
1cfg.pdb,1cfg
7my8.pdb,7my8
1n97.pdb,1n97
2k21.pdb,2k21
5kyh.pdb,5kyh
1i78.pdb,1i78
5eke.pdb,5eke
1fch.pdb,1fch
1iij.pdb,1iij
7x5v.pdb,7x5v
5fno.pdb,5fno
1kz2.pdb,1kz2
2moc.pdb,2moc
7b3j.pdb,7b3j
5zle.pdb,5zle
2lma.pdb,2lma
2k0l.pdb,2k0l
1awe.pdb,1awe
2mw3.pdb,2mw3
6m20.pdb,6m20
6m19.pdb,6m19
2qks.pdb,2qks
1oef.pdb,1oef
6ofr.pdb,6ofr
3qe7.pdb,3qe7
6w32.pdb,6w32
3j1r.pdb,3j1r
6lar.pdb,6lar
3sn6.pdb,3sn6
6c14.pdb,6c14
6ve9.pdb,6ve9
2n1p.pdb,2n1p
6tyi.pdb,6tyi
6px7.pdb,6px7
2fug.pdb,2fug
3x29.pdb,3x29
7drj.pdb,7drj
3wea.pdb,3wea
6vlj.pdb,6vlj
4e1s.pdb,4e1s
2m8m.pdb,2m8m
1wco.pdb,1wco
2rsw.pdb,2rsw
3o0d.pdb,3o0d
4m58.pdb,4m58
6l06.pdb,6l06
1ot0.pdb,1ot0
2d2p.pdb,2d2p
5xo3.pdb,5xo3
6qbk.pdb,6qbk
3jbr.pdb,3jbr
6kxw.pdb,6kxw
2l63.pdb,2l63
4k7t.pdb,4k7t
2ksr.pdb,2ksr
8dft.pdb,8dft
3zr5.pdb,3zr5
7bw5.pdb,7bw5
6xpd.pdb,6xpd
5kgz.pdb,5kgz
6vhj.pdb,6vhj
3d34.pdb,3d34
1ter.pdb,1ter
7r1v.pdb,7r1v
4rj9.pdb,4rj9
3dwo.pdb,3dwo
1e9w.pdb,1e9w
2n1c.pdb,2n1c
2l7s.pdb,2l7s
1wub.pdb,1wub
4xu4.pdb,4xu4
6wb9.pdb,6wb9
3rjt.pdb,3rjt
2n4x.pdb,2n4x
3dzm.pdb,3dzm
5a4h.pdb,5a4h
2lwq.pdb,2lwq
